Setting,MSE,MAE
lt_ETTh1_336_96DLinear_DLinear_ETTh1_ftM_sl336_ll168_pl96_dm512_nh8_el2_dl1_df2048_fc3_ebtimeF_dtTrue_Exp_tn1_stl0.0005-0.0005_um1_0,0.3702544867992401,0.39197778701782227
lt_ETTh1_336_96DLinear_DLinear_ETTh1_ftM_sl336_ll168_pl96_dm512_nh8_el2_dl1_df2048_fc3_ebtimeF_dtTrue_Exp_tn1_stl0.0005-0.0005_um1_1,0.3680307865142822,0.3904252052307129
lt_ETTh2_336_96DLinear_DLinear_ETTh2_ftM_sl336_ll168_pl96_dm512_nh8_el2_dl1_df2048_fc3_ebtimeF_dtTrue_Exp_tn1_stl0.0005-0.0005_um1_0,0.28629904985427856,0.345547616481781
lt_ETTh2_336_192DLinear_DLinear_ETTh2_ftM_sl336_ll168_pl192_dm512_nh8_el2_dl1_df2048_fc3_ebtimeF_dtTrue_Exp_tn1_stl0.0005-0.0005_um1_0,0.3445965647697449,0.3853749930858612
lt_ETTh2_336_336DLinear_DLinear_ETTh2_ftM_sl336_ll168_pl336_dm512_nh8_el2_dl1_df2048_fc3_ebtimeF_dtTrue_Exp_tn1_stl0.0005-0.0005_um1_0,0.37657567858695984,0.41487446427345276
lt_ETTm1_336_96DLinear_DLinear_ETTm1_ftM_sl336_ll168_pl96_dm512_nh8_el2_dl1_df2048_fc3_ebtimeF_dtTrue_Exp_tn1_stl0.0005-0.0005_um1_0,0.28991013765335083,0.3430154323577881
lt_ETTm1_336_192DLinear_DLinear_ETTm1_ftM_sl336_ll168_pl192_dm512_nh8_el2_dl1_df2048_fc3_ebtimeF_dtTrue_Exp_tn1_stl0.0005-0.0005_um1_0,0.32812437415122986,0.36440107226371765
lt_ETTm1_336_336DLinear_DLinear_ETTm1_ftM_sl336_ll168_pl336_dm512_nh8_el2_dl1_df2048_fc3_ebtimeF_dtTrue_Exp_tn1_stl0.0005-0.0005_um1_0,0.36643120646476746,0.3870254456996918
lt_ETTm1_336_720DLinear_DLinear_ETTm1_ftM_sl336_ll168_pl720_dm512_nh8_el2_dl1_df2048_fc3_ebtimeF_dtTrue_Exp_tn1_stl0.0005-0.0005_um1_0,0.420147567987442,0.4161854088306427
lt_ETTm2_336_96DLinear_DLinear_ETTm2_ftM_sl336_ll168_pl96_dm512_nh8_el2_dl1_df2048_fc3_ebtimeF_dtTrue_Exp_tn1_stl0.0005-0.0005_um1_0,0.1727786809206009,0.2589523196220398
lt_ETTm2_336_336DLinear_DLinear_ETTm2_ftM_sl336_ll168_pl336_dm512_nh8_el2_dl1_df2048_fc3_ebtimeF_dtTrue_Exp_tn1_stl0.0005-0.0005_um1_0,0.2791825532913208,0.3325667083263397
lt_ETTm2_336_720DLinear_DLinear_ETTm2_ftM_sl336_ll168_pl720_dm512_nh8_el2_dl1_df2048_fc3_ebtimeF_dtTrue_Exp_tn1_stl0.0005-0.0005_um1_0,0.3647743761539459,0.3876301050186157
lt_ETTh1_336_96DLinear_DLinear_ETTh1_ftM_sl336_ll168_pl96_dm512_nh8_el2_dl1_df2048_fc3_ebtimeF_dtTrue_Exp_tn1_stl0.0005-0.0001_um1_0,0.3703420162200928,0.391986608505249
lt_ETTh1_336_96DLinear_DLinear_ETTh1_ftM_sl336_ll168_pl96_dm512_nh8_el2_dl1_df2048_fc3_ebtimeF_dtTrue_Exp_tn1_stl0.0005-0.0001_um1_1,0.3684934973716736,0.3900987207889557
lt_ETTh2_336_96DLinear_DLinear_ETTh2_ftM_sl336_ll168_pl96_dm512_nh8_el2_dl1_df2048_fc3_ebtimeF_dtTrue_Exp_tn1_stl0.0005-0.0001_um1_0,0.28152498602867126,0.34046608209609985
lt_ETTh2_336_192DLinear_DLinear_ETTh2_ftM_sl336_ll168_pl192_dm512_nh8_el2_dl1_df2048_fc3_ebtimeF_dtTrue_Exp_tn1_stl0.0005-0.0001_um1_0,0.3433930575847626,0.3839160203933716
lt_ETTh2_336_336DLinear_DLinear_ETTh2_ftM_sl336_ll168_pl336_dm512_nh8_el2_dl1_df2048_fc3_ebtimeF_dtTrue_Exp_tn1_stl0.0005-0.0001_um1_0,0.37439391016960144,0.41320571303367615
lt_ETTm1_336_96DLinear_DLinear_ETTm1_ftM_sl336_ll168_pl96_dm512_nh8_el2_dl1_df2048_fc3_ebtimeF_dtTrue_Exp_tn1_stl0.0005-0.0001_um1_0,0.2926035523414612,0.34379225969314575
lt_ETTm1_336_192DLinear_DLinear_ETTm1_ftM_sl336_ll168_pl192_dm512_nh8_el2_dl1_df2048_fc3_ebtimeF_dtTrue_Exp_tn1_stl0.0005-0.0001_um1_0,0.3311384916305542,0.365837424993515
lt_ETTm1_336_336DLinear_DLinear_ETTm1_ftM_sl336_ll168_pl336_dm512_nh8_el2_dl1_df2048_fc3_ebtimeF_dtTrue_Exp_tn1_stl0.0005-0.0001_um1_0,0.3660432994365692,0.3861801326274872
lt_ETTm1_336_720DLinear_DLinear_ETTm1_ftM_sl336_ll168_pl720_dm512_nh8_el2_dl1_df2048_fc3_ebtimeF_dtTrue_Exp_tn1_stl0.0005-0.0001_um1_0,0.42326265573501587,0.41745731234550476
lt_ETTm2_336_96DLinear_DLinear_ETTm2_ftM_sl336_ll168_pl96_dm512_nh8_el2_dl1_df2048_fc3_ebtimeF_dtTrue_Exp_tn1_stl0.0005-0.0001_um1_0,0.16927005350589752,0.2576497197151184
lt_ETTm2_336_336DLinear_DLinear_ETTm2_ftM_sl336_ll168_pl336_dm512_nh8_el2_dl1_df2048_fc3_ebtimeF_dtTrue_Exp_tn1_stl0.0005-0.0001_um1_0,0.27812695503234863,0.3313477039337158
lt_ETTh1_336_96DLinear_DLinear_ETTh1_ftM_sl336_ll168_pl96_dm512_nh8_el2_dl1_df2048_fc3_ebtimeF_dtTrue_Exp_tn1_stl0.0005-5e-05_um1_0,0.3685668706893921,0.39024782180786133
lt_ETTh1_336_96DLinear_DLinear_ETTh1_ftM_sl336_ll168_pl96_dm512_nh8_el2_dl1_df2048_fc3_ebtimeF_dtTrue_Exp_tn1_stl0.0005-5e-05_um1_1,0.36901983618736267,0.3906601369380951
lt_ETTh1_336_192DLinear_DLinear_ETTh1_ftM_sl336_ll168_pl192_dm512_nh8_el2_dl1_df2048_fc3_ebtimeF_dtTrue_Exp_tn1_stl0.0005-5e-05_um1_0,0.40222519636154175,0.41037294268608093
lt_ETTh1_336_192DLinear_DLinear_ETTh1_ftM_sl336_ll168_pl192_dm512_nh8_el2_dl1_df2048_fc3_ebtimeF_dtTrue_Exp_tn1_stl0.0005-5e-05_um1_1,0.4025053381919861,0.4107397794723511
lt_ETTh2_336_96DLinear_DLinear_ETTh2_ftM_sl336_ll168_pl96_dm512_nh8_el2_dl1_df2048_fc3_ebtimeF_dtTrue_Exp_tn1_stl0.0005-5e-05_um1_0,0.2816651165485382,0.34029361605644226
lt_ETTh2_336_192DLinear_DLinear_ETTh2_ftM_sl336_ll168_pl192_dm512_nh8_el2_dl1_df2048_fc3_ebtimeF_dtTrue_Exp_tn1_stl0.0005-5e-05_um1_0,0.34276083111763,0.3832908570766449
lt_ETTh2_336_336DLinear_DLinear_ETTh2_ftM_sl336_ll168_pl336_dm512_nh8_el2_dl1_df2048_fc3_ebtimeF_dtTrue_Exp_tn1_stl0.0005-5e-05_um1_0,0.372843861579895,0.41223424673080444
lt_ETTh2_336_720DLinear_DLinear_ETTh2_ftM_sl336_ll168_pl720_dm512_nh8_el2_dl1_df2048_fc3_ebtimeF_dtTrue_Exp_tn1_stl0.0005-5e-05_um1_0,0.42392024397850037,0.4517481029033661
lt_ETTm1_336_96DLinear_DLinear_ETTm1_ftM_sl336_ll168_pl96_dm512_nh8_el2_dl1_df2048_fc3_ebtimeF_dtTrue_Exp_tn1_stl0.0005-5e-05_um1_0,0.29406726360321045,0.3442953824996948
lt_ETTm1_336_192DLinear_DLinear_ETTm1_ftM_sl336_ll168_pl192_dm512_nh8_el2_dl1_df2048_fc3_ebtimeF_dtTrue_Exp_tn1_stl0.0005-5e-05_um1_0,0.33158451318740845,0.36593902111053467
lt_ETTm1_336_336DLinear_DLinear_ETTm1_ftM_sl336_ll168_pl336_dm512_nh8_el2_dl1_df2048_fc3_ebtimeF_dtTrue_Exp_tn1_stl0.0005-5e-05_um1_0,0.3664722740650177,0.38620525598526
lt_ETTm1_336_720DLinear_DLinear_ETTm1_ftM_sl336_ll168_pl720_dm512_nh8_el2_dl1_df2048_fc3_ebtimeF_dtTrue_Exp_tn1_stl0.0005-5e-05_um1_0,0.4222320020198822,0.4163896441459656
lt_ETTm2_336_96DLinear_DLinear_ETTm2_ftM_sl336_ll168_pl96_dm512_nh8_el2_dl1_df2048_fc3_ebtimeF_dtTrue_Exp_tn1_stl0.0005-5e-05_um1_0,0.16857647895812988,0.2574419379234314
lt_ETTm2_336_192DLinear_DLinear_ETTm2_ftM_sl336_ll168_pl192_dm512_nh8_el2_dl1_df2048_fc3_ebtimeF_dtTrue_Exp_tn1_stl0.0005-5e-05_um1_0,0.22528323531150818,0.29535195231437683
lt_ETTm2_336_336DLinear_DLinear_ETTm2_ftM_sl336_ll168_pl336_dm512_nh8_el2_dl1_df2048_fc3_ebtimeF_dtTrue_Exp_tn1_stl0.0005-5e-05_um1_0,0.27697134017944336,0.33023273944854736
lt_ETTh1_336_96DLinear_DLinear_ETTh1_ftM_sl336_ll168_pl96_dm512_nh8_el2_dl1_df2048_fc3_ebtimeF_dtTrue_Exp_tn1_stl0.0001-0.0005_um1_0,0.3687622845172882,0.39038771390914917
lt_ETTh1_336_96DLinear_DLinear_ETTh1_ftM_sl336_ll168_pl96_dm512_nh8_el2_dl1_df2048_fc3_ebtimeF_dtTrue_Exp_tn1_stl0.0001-0.0005_um1_1,0.36825573444366455,0.39057132601737976
lt_ETTh2_336_96DLinear_DLinear_ETTh2_ftM_sl336_ll168_pl96_dm512_nh8_el2_dl1_df2048_fc3_ebtimeF_dtTrue_Exp_tn1_stl0.0001-0.0005_um1_0,0.2843668460845947,0.34352564811706543
lt_ETTh2_336_192DLinear_DLinear_ETTh2_ftM_sl336_ll168_pl192_dm512_nh8_el2_dl1_df2048_fc3_ebtimeF_dtTrue_Exp_tn1_stl0.0001-0.0005_um1_0,0.3417969048023224,0.3820416331291199
lt_ETTh2_336_336DLinear_DLinear_ETTh2_ftM_sl336_ll168_pl336_dm512_nh8_el2_dl1_df2048_fc3_ebtimeF_dtTrue_Exp_tn1_stl0.0001-0.0005_um1_0,0.36758187413215637,0.40740397572517395
lt_ETTm1_336_96DLinear_DLinear_ETTm1_ftM_sl336_ll168_pl96_dm512_nh8_el2_dl1_df2048_fc3_ebtimeF_dtTrue_Exp_tn1_stl0.0001-0.0005_um1_0,0.2910611927509308,0.3436940014362335
lt_ETTm1_336_192DLinear_DLinear_ETTm1_ftM_sl336_ll168_pl192_dm512_nh8_el2_dl1_df2048_fc3_ebtimeF_dtTrue_Exp_tn1_stl0.0001-0.0005_um1_0,0.32897958159446716,0.3646503984928131
lt_ETTm1_336_336DLinear_DLinear_ETTm1_ftM_sl336_ll168_pl336_dm512_nh8_el2_dl1_df2048_fc3_ebtimeF_dtTrue_Exp_tn1_stl0.0001-0.0005_um1_0,0.36380496621131897,0.38449203968048096
lt_ETTm1_336_720DLinear_DLinear_ETTm1_ftM_sl336_ll168_pl720_dm512_nh8_el2_dl1_df2048_fc3_ebtimeF_dtTrue_Exp_tn1_stl0.0001-0.0005_um1_0,0.4210110306739807,0.4159119725227356
lt_ETTm2_336_96DLinear_DLinear_ETTm2_ftM_sl336_ll168_pl96_dm512_nh8_el2_dl1_df2048_fc3_ebtimeF_dtTrue_Exp_tn1_stl0.0001-0.0005_um1_0,0.17154443264007568,0.25882551074028015
lt_ETTm2_336_192DLinear_DLinear_ETTm2_ftM_sl336_ll168_pl192_dm512_nh8_el2_dl1_df2048_fc3_ebtimeF_dtTrue_Exp_tn1_stl0.0001-0.0005_um1_0,0.22712191939353943,0.2972989082336426
lt_ETTm2_336_336DLinear_DLinear_ETTm2_ftM_sl336_ll168_pl336_dm512_nh8_el2_dl1_df2048_fc3_ebtimeF_dtTrue_Exp_tn1_stl0.0001-0.0005_um1_0,0.27630046010017395,0.33017632365226746
lt_ETTm2_336_720DLinear_DLinear_ETTm2_ftM_sl336_ll168_pl720_dm512_nh8_el2_dl1_df2048_fc3_ebtimeF_dtTrue_Exp_tn1_stl0.0001-0.0005_um1_0,0.3626004755496979,0.38555142283439636
lt_ETTh1_336_96DLinear_DLinear_ETTh1_ftM_sl336_ll168_pl96_dm512_nh8_el2_dl1_df2048_fc3_ebtimeF_dtTrue_Exp_tn1_stl0.0001-0.0001_um1_0,0.36873891949653625,0.3903491795063019
lt_ETTh1_336_96DLinear_DLinear_ETTh1_ftM_sl336_ll168_pl96_dm512_nh8_el2_dl1_df2048_fc3_ebtimeF_dtTrue_Exp_tn1_stl0.0001-0.0001_um1_1,0.369047611951828,0.3906104862689972
lt_ETTh1_336_192DLinear_DLinear_ETTh1_ftM_sl336_ll168_pl192_dm512_nh8_el2_dl1_df2048_fc3_ebtimeF_dtTrue_Exp_tn1_stl0.0001-0.0001_um1_0,0.40252333879470825,0.4104827642440796
lt_ETTh1_336_192DLinear_DLinear_ETTh1_ftM_sl336_ll168_pl192_dm512_nh8_el2_dl1_df2048_fc3_ebtimeF_dtTrue_Exp_tn1_stl0.0001-0.0001_um1_1,0.402597039937973,0.41073983907699585
lt_ETTh2_336_96DLinear_DLinear_ETTh2_ftM_sl336_ll168_pl96_dm512_nh8_el2_dl1_df2048_fc3_ebtimeF_dtTrue_Exp_tn1_stl0.0001-0.0001_um1_0,0.2782829701900482,0.3382382392883301
lt_ETTh2_336_192DLinear_DLinear_ETTh2_ftM_sl336_ll168_pl192_dm512_nh8_el2_dl1_df2048_fc3_ebtimeF_dtTrue_Exp_tn1_stl0.0001-0.0001_um1_0,0.34026527404785156,0.38058197498321533
lt_ETTh2_336_336DLinear_DLinear_ETTh2_ftM_sl336_ll168_pl336_dm512_nh8_el2_dl1_df2048_fc3_ebtimeF_dtTrue_Exp_tn1_stl0.0001-0.0001_um1_0,0.3653337359428406,0.40593087673187256
lt_ETTm1_336_96DLinear_DLinear_ETTm1_ftM_sl336_ll168_pl96_dm512_nh8_el2_dl1_df2048_fc3_ebtimeF_dtTrue_Exp_tn1_stl0.0001-0.0001_um1_0,0.2949192523956299,0.34466490149497986
lt_ETTm1_336_192DLinear_DLinear_ETTm1_ftM_sl336_ll168_pl192_dm512_nh8_el2_dl1_df2048_fc3_ebtimeF_dtTrue_Exp_tn1_stl0.0001-0.0001_um1_0,0.33294329047203064,0.3662203848361969
lt_ETTm1_336_336DLinear_DLinear_ETTm1_ftM_sl336_ll168_pl336_dm512_nh8_el2_dl1_df2048_fc3_ebtimeF_dtTrue_Exp_tn1_stl0.0001-0.0001_um1_0,0.36799493432044983,0.3860655128955841
lt_ETTm1_336_720DLinear_DLinear_ETTm1_ftM_sl336_ll168_pl720_dm512_nh8_el2_dl1_df2048_fc3_ebtimeF_dtTrue_Exp_tn1_stl0.0001-0.0001_um1_0,0.4233825206756592,0.41639453172683716
lt_ETTm2_336_96DLinear_DLinear_ETTm2_ftM_sl336_ll168_pl96_dm512_nh8_el2_dl1_df2048_fc3_ebtimeF_dtTrue_Exp_tn1_stl0.0001-0.0001_um1_0,0.16717909276485443,0.2566176652908325
lt_ETTm2_336_192DLinear_DLinear_ETTm2_ftM_sl336_ll168_pl192_dm512_nh8_el2_dl1_df2048_fc3_ebtimeF_dtTrue_Exp_tn1_stl0.0001-0.0001_um1_0,0.2242926061153412,0.29588672518730164
lt_ETTm2_336_336DLinear_DLinear_ETTm2_ftM_sl336_ll168_pl336_dm512_nh8_el2_dl1_df2048_fc3_ebtimeF_dtTrue_Exp_tn1_stl0.0001-0.0001_um1_0,0.2749142050743103,0.3289700150489807
lt_ETTm2_336_720DLinear_DLinear_ETTm2_ftM_sl336_ll168_pl720_dm512_nh8_el2_dl1_df2048_fc3_ebtimeF_dtTrue_Exp_tn1_stl0.0001-0.0001_um1_0,0.35914939641952515,0.3835504949092865
lt_ETTh1_336_96DLinear_DLinear_ETTh1_ftM_sl336_ll168_pl96_dm512_nh8_el2_dl1_df2048_fc3_ebtimeF_dtTrue_Exp_tn1_stl0.0001-5e-05_um1_0,0.36905819177627563,0.39062920212745667
lt_ETTh1_336_96DLinear_DLinear_ETTh1_ftM_sl336_ll168_pl96_dm512_nh8_el2_dl1_df2048_fc3_ebtimeF_dtTrue_Exp_tn1_stl0.0001-5e-05_um1_1,0.36929744482040405,0.39084410667419434
lt_ETTh1_336_192DLinear_DLinear_ETTh1_ftM_sl336_ll168_pl192_dm512_nh8_el2_dl1_df2048_fc3_ebtimeF_dtTrue_Exp_tn1_stl0.0001-5e-05_um1_0,0.4027831256389618,0.4107849895954132
lt_ETTh1_336_192DLinear_DLinear_ETTh1_ftM_sl336_ll168_pl192_dm512_nh8_el2_dl1_df2048_fc3_ebtimeF_dtTrue_Exp_tn1_stl0.0001-5e-05_um1_1,0.4028853178024292,0.41106873750686646
lt_ETTh2_336_96DLinear_DLinear_ETTh2_ftM_sl336_ll168_pl96_dm512_nh8_el2_dl1_df2048_fc3_ebtimeF_dtTrue_Exp_tn1_stl0.0001-5e-05_um1_0,0.27964159846305847,0.3399689197540283
lt_ETTh2_336_192DLinear_DLinear_ETTh2_ftM_sl336_ll168_pl192_dm512_nh8_el2_dl1_df2048_fc3_ebtimeF_dtTrue_Exp_tn1_stl0.0001-5e-05_um1_0,0.3392657935619354,0.3799211382865906
lt_ETTh2_336_336DLinear_DLinear_ETTh2_ftM_sl336_ll168_pl336_dm512_nh8_el2_dl1_df2048_fc3_ebtimeF_dtTrue_Exp_tn1_stl0.0001-5e-05_um1_0,0.36484086513519287,0.40470582246780396
lt_ETTh2_336_720DLinear_DLinear_ETTh2_ftM_sl336_ll168_pl720_dm512_nh8_el2_dl1_df2048_fc3_ebtimeF_dtTrue_Exp_tn1_stl0.0001-5e-05_um1_0,0.4133598506450653,0.44656142592430115
lt_ETTm1_336_96DLinear_DLinear_ETTm1_ftM_sl336_ll168_pl96_dm512_nh8_el2_dl1_df2048_fc3_ebtimeF_dtTrue_Exp_tn1_stl0.0001-5e-05_um1_0,0.2954305112361908,0.3445604741573334
lt_ETTm1_336_192DLinear_DLinear_ETTm1_ftM_sl336_ll168_pl192_dm512_nh8_el2_dl1_df2048_fc3_ebtimeF_dtTrue_Exp_tn1_stl0.0001-5e-05_um1_0,0.3334108591079712,0.36608681082725525
lt_ETTm1_336_336DLinear_DLinear_ETTm1_ftM_sl336_ll168_pl336_dm512_nh8_el2_dl1_df2048_fc3_ebtimeF_dtTrue_Exp_tn1_stl0.0001-5e-05_um1_0,0.36828166246414185,0.3856286108493805
lt_ETTm1_336_720DLinear_DLinear_ETTm1_ftM_sl336_ll168_pl720_dm512_nh8_el2_dl1_df2048_fc3_ebtimeF_dtTrue_Exp_tn1_stl0.0001-5e-05_um1_0,0.4233768880367279,0.41591331362724304
lt_ETTm2_336_96DLinear_DLinear_ETTm2_ftM_sl336_ll168_pl96_dm512_nh8_el2_dl1_df2048_fc3_ebtimeF_dtTrue_Exp_tn1_stl0.0001-5e-05_um1_0,0.1661856472492218,0.2562101483345032
lt_ETTm2_336_192DLinear_DLinear_ETTm2_ftM_sl336_ll168_pl192_dm512_nh8_el2_dl1_df2048_fc3_ebtimeF_dtTrue_Exp_tn1_stl0.0001-5e-05_um1_0,0.22171778976917267,0.29330506920814514
lt_ETTm2_336_336DLinear_DLinear_ETTm2_ftM_sl336_ll168_pl336_dm512_nh8_el2_dl1_df2048_fc3_ebtimeF_dtTrue_Exp_tn1_stl0.0001-5e-05_um1_0,0.2739567756652832,0.3280242085456848
lt_ETTm2_336_720DLinear_DLinear_ETTm2_ftM_sl336_ll168_pl720_dm512_nh8_el2_dl1_df2048_fc3_ebtimeF_dtTrue_Exp_tn1_stl0.0001-5e-05_um1_0,0.35987547039985657,0.38255441188812256
lt_ETTh1_336_96DLinear_DLinear_ETTh1_ftM_sl336_ll168_pl96_dm512_nh8_el2_dl1_df2048_fc3_ebtimeF_dtTrue_Exp_tn1_stl5e-05-0.0005_um1_0,0.3688220679759979,0.3904063403606415
lt_ETTh1_336_96DLinear_DLinear_ETTh1_ftM_sl336_ll168_pl96_dm512_nh8_el2_dl1_df2048_fc3_ebtimeF_dtTrue_Exp_tn1_stl5e-05-0.0005_um1_1,0.3683071434497833,0.3905695676803589
lt_ETTh2_336_96DLinear_DLinear_ETTh2_ftM_sl336_ll168_pl96_dm512_nh8_el2_dl1_df2048_fc3_ebtimeF_dtTrue_Exp_tn1_stl5e-05-0.0005_um1_0,0.2844177484512329,0.3445279002189636
lt_ETTh2_336_192DLinear_DLinear_ETTh2_ftM_sl336_ll168_pl192_dm512_nh8_el2_dl1_df2048_fc3_ebtimeF_dtTrue_Exp_tn1_stl5e-05-0.0005_um1_0,0.34150904417037964,0.3816799223423004
lt_ETTh2_336_336DLinear_DLinear_ETTh2_ftM_sl336_ll168_pl336_dm512_nh8_el2_dl1_df2048_fc3_ebtimeF_dtTrue_Exp_tn1_stl5e-05-0.0005_um1_0,0.3663846552371979,0.40623730421066284
lt_ETTm1_336_96DLinear_DLinear_ETTm1_ftM_sl336_ll168_pl96_dm512_nh8_el2_dl1_df2048_fc3_ebtimeF_dtTrue_Exp_tn1_stl5e-05-0.0005_um1_0,0.2912040650844574,0.34376034140586853
lt_ETTm1_336_192DLinear_DLinear_ETTm1_ftM_sl336_ll168_pl192_dm512_nh8_el2_dl1_df2048_fc3_ebtimeF_dtTrue_Exp_tn1_stl5e-05-0.0005_um1_0,0.3291754722595215,0.3647092282772064
lt_ETTm1_336_336DLinear_DLinear_ETTm1_ftM_sl336_ll168_pl336_dm512_nh8_el2_dl1_df2048_fc3_ebtimeF_dtTrue_Exp_tn1_stl5e-05-0.0005_um1_0,0.36399200558662415,0.38454192876815796
lt_ETTm1_336_720DLinear_DLinear_ETTm1_ftM_sl336_ll168_pl720_dm512_nh8_el2_dl1_df2048_fc3_ebtimeF_dtTrue_Exp_tn1_stl5e-05-0.0005_um1_0,0.42119765281677246,0.4158816933631897
lt_ETTm2_336_96DLinear_DLinear_ETTm2_ftM_sl336_ll168_pl96_dm512_nh8_el2_dl1_df2048_fc3_ebtimeF_dtTrue_Exp_tn1_stl5e-05-0.0005_um1_0,0.17137648165225983,0.25878405570983887
lt_ETTh1_336_96DLinear_DLinear_ETTh1_ftM_sl336_ll168_pl96_dm512_nh8_el2_dl1_df2048_fc3_ebtimeF_dtTrue_Exp_tn1_stl0.0005-0.0005_um1_0,0.3702545166015625,0.39197778701782227
lt_ETTh1_336_96DLinear_DLinear_ETTh1_ftM_sl336_ll168_pl96_dm512_nh8_el2_dl1_df2048_fc3_ebtimeF_dtTrue_Exp_tn1_stl0.0005-0.0005_um1_1,0.3680221140384674,0.39042121171951294
lt_ETTh2_336_96DLinear_DLinear_ETTh2_ftM_sl336_ll168_pl96_dm512_nh8_el2_dl1_df2048_fc3_ebtimeF_dtTrue_Exp_tn1_stl0.0005-0.0005_um1_0,0.28629904985427856,0.345547616481781
lt_ETTh2_336_192DLinear_DLinear_ETTh2_ftM_sl336_ll168_pl192_dm512_nh8_el2_dl1_df2048_fc3_ebtimeF_dtTrue_Exp_tn1_stl0.0005-0.0005_um1_0,0.3445965647697449,0.3853749930858612
lt_ETTh2_336_336DLinear_DLinear_ETTh2_ftM_sl336_ll168_pl336_dm512_nh8_el2_dl1_df2048_fc3_ebtimeF_dtTrue_Exp_tn1_stl0.0005-0.0005_um1_0,0.37657567858695984,0.41487446427345276
lt_ETTm1_336_96DLinear_DLinear_ETTm1_ftM_sl336_ll168_pl96_dm512_nh8_el2_dl1_df2048_fc3_ebtimeF_dtTrue_Exp_tn1_stl0.0005-0.0005_um1_0,0.2899205684661865,0.3430272042751312
lt_ETTm1_336_192DLinear_DLinear_ETTm1_ftM_sl336_ll168_pl192_dm512_nh8_el2_dl1_df2048_fc3_ebtimeF_dtTrue_Exp_tn1_stl0.0005-0.0005_um1_0,0.32812830805778503,0.36439990997314453
lt_ETTm1_336_336DLinear_DLinear_ETTm1_ftM_sl336_ll168_pl336_dm512_nh8_el2_dl1_df2048_fc3_ebtimeF_dtTrue_Exp_tn1_stl0.0005-0.0005_um1_0,0.36647406220436096,0.3870372772216797
lt_ETTm1_336_720DLinear_DLinear_ETTm1_ftM_sl336_ll168_pl720_dm512_nh8_el2_dl1_df2048_fc3_ebtimeF_dtTrue_Exp_tn1_stl0.0005-0.0005_um1_0,0.42013221979141235,0.41617605090141296
lt_ETTm2_336_96DLinear_DLinear_ETTm2_ftM_sl336_ll168_pl96_dm512_nh8_el2_dl1_df2048_fc3_ebtimeF_dtTrue_Exp_tn1_stl0.0005-0.0005_um1_0,0.17275720834732056,0.2589426338672638
lt_ETTm2_336_336DLinear_DLinear_ETTm2_ftM_sl336_ll168_pl336_dm512_nh8_el2_dl1_df2048_fc3_ebtimeF_dtTrue_Exp_tn1_stl0.0005-0.0005_um1_0,0.2791825532913208,0.3325667083263397
lt_ETTm2_336_720DLinear_DLinear_ETTm2_ftM_sl336_ll168_pl720_dm512_nh8_el2_dl1_df2048_fc3_ebtimeF_dtTrue_Exp_tn1_stl0.0005-0.0005_um1_0,0.3647743761539459,0.3876301050186157
lt_ETTh1_336_96DLinear_DLinear_ETTh1_ftM_sl336_ll168_pl96_dm512_nh8_el2_dl1_df2048_fc3_ebtimeF_dtTrue_Exp_tn1_stl0.0005-0.0001_um1_0,0.3703420162200928,0.391986608505249
lt_ETTh1_336_96DLinear_DLinear_ETTh1_ftM_sl336_ll168_pl96_dm512_nh8_el2_dl1_df2048_fc3_ebtimeF_dtTrue_Exp_tn1_stl0.0005-0.0001_um1_1,0.36849477887153625,0.3900986909866333
lt_ETTh2_336_96DLinear_DLinear_ETTh2_ftM_sl336_ll168_pl96_dm512_nh8_el2_dl1_df2048_fc3_ebtimeF_dtTrue_Exp_tn1_stl0.0005-0.0001_um1_0,0.28152498602867126,0.34046608209609985
lt_ETTh2_336_192DLinear_DLinear_ETTh2_ftM_sl336_ll168_pl192_dm512_nh8_el2_dl1_df2048_fc3_ebtimeF_dtTrue_Exp_tn1_stl0.0005-0.0001_um1_0,0.34339314699172974,0.38391607999801636
lt_ETTh2_336_336DLinear_DLinear_ETTh2_ftM_sl336_ll168_pl336_dm512_nh8_el2_dl1_df2048_fc3_ebtimeF_dtTrue_Exp_tn1_stl0.0005-0.0001_um1_0,0.37439391016960144,0.41320571303367615
lt_ETTm1_336_96DLinear_DLinear_ETTm1_ftM_sl336_ll168_pl96_dm512_nh8_el2_dl1_df2048_fc3_ebtimeF_dtTrue_Exp_tn1_stl0.0005-0.0001_um1_0,0.2926159203052521,0.3438085615634918
lt_ETTm1_336_192DLinear_DLinear_ETTm1_ftM_sl336_ll168_pl192_dm512_nh8_el2_dl1_df2048_fc3_ebtimeF_dtTrue_Exp_tn1_stl0.0005-0.0001_um1_0,0.33113786578178406,0.3658377528190613
lt_ETTm1_336_336DLinear_DLinear_ETTm1_ftM_sl336_ll168_pl336_dm512_nh8_el2_dl1_df2048_fc3_ebtimeF_dtTrue_Exp_tn1_stl0.0005-0.0001_um1_0,0.36604076623916626,0.3861798346042633
lt_ETTm1_336_720DLinear_DLinear_ETTm1_ftM_sl336_ll168_pl720_dm512_nh8_el2_dl1_df2048_fc3_ebtimeF_dtTrue_Exp_tn1_stl0.0005-0.0001_um1_0,0.42326992750167847,0.4174595773220062
lt_ETTm2_336_96DLinear_DLinear_ETTm2_ftM_sl336_ll168_pl96_dm512_nh8_el2_dl1_df2048_fc3_ebtimeF_dtTrue_Exp_tn1_stl0.0005-0.0001_um1_0,0.16924068331718445,0.2576214075088501
lt_ETTm2_336_336DLinear_DLinear_ETTm2_ftM_sl336_ll168_pl336_dm512_nh8_el2_dl1_df2048_fc3_ebtimeF_dtTrue_Exp_tn1_stl0.0005-0.0001_um1_0,0.27812695503234863,0.3313477039337158
lt_ETTh1_336_96DLinear_DLinear_ETTh1_ftM_sl336_ll168_pl96_dm512_nh8_el2_dl1_df2048_fc3_ebtimeF_dtTrue_Exp_tn1_stl0.0005-5e-05_um1_0,0.3685695230960846,0.39025336503982544
lt_ETTh1_336_96DLinear_DLinear_ETTh1_ftM_sl336_ll168_pl96_dm512_nh8_el2_dl1_df2048_fc3_ebtimeF_dtTrue_Exp_tn1_stl0.0005-5e-05_um1_1,0.3690198063850403,0.3906601667404175
lt_ETTh1_336_192DLinear_DLinear_ETTh1_ftM_sl336_ll168_pl192_dm512_nh8_el2_dl1_df2048_fc3_ebtimeF_dtTrue_Exp_tn1_stl0.0005-5e-05_um1_0,0.40222522616386414,0.41037294268608093
lt_ETTh1_336_192DLinear_DLinear_ETTh1_ftM_sl336_ll168_pl192_dm512_nh8_el2_dl1_df2048_fc3_ebtimeF_dtTrue_Exp_tn1_stl0.0005-5e-05_um1_1,0.4025053083896637,0.41073963046073914
lt_ETTh2_336_96DLinear_DLinear_ETTh2_ftM_sl336_ll168_pl96_dm512_nh8_el2_dl1_df2048_fc3_ebtimeF_dtTrue_Exp_tn1_stl0.0005-5e-05_um1_0,0.2816651165485382,0.34029361605644226
lt_ETTh2_336_192DLinear_DLinear_ETTh2_ftM_sl336_ll168_pl192_dm512_nh8_el2_dl1_df2048_fc3_ebtimeF_dtTrue_Exp_tn1_stl0.0005-5e-05_um1_0,0.34276083111763,0.3832908570766449
lt_ETTh2_336_336DLinear_DLinear_ETTh2_ftM_sl336_ll168_pl336_dm512_nh8_el2_dl1_df2048_fc3_ebtimeF_dtTrue_Exp_tn1_stl0.0005-5e-05_um1_0,0.372843861579895,0.41223424673080444
lt_ETTh2_336_720DLinear_DLinear_ETTh2_ftM_sl336_ll168_pl720_dm512_nh8_el2_dl1_df2048_fc3_ebtimeF_dtTrue_Exp_tn1_stl0.0005-5e-05_um1_0,0.42392024397850037,0.4517481029033661
lt_ETTm1_336_96DLinear_DLinear_ETTm1_ftM_sl336_ll168_pl96_dm512_nh8_el2_dl1_df2048_fc3_ebtimeF_dtTrue_Exp_tn1_stl0.0005-5e-05_um1_0,0.29406848549842834,0.34429776668548584
lt_ETTm1_336_192DLinear_DLinear_ETTm1_ftM_sl336_ll168_pl192_dm512_nh8_el2_dl1_df2048_fc3_ebtimeF_dtTrue_Exp_tn1_stl0.0005-5e-05_um1_0,0.3315850496292114,0.365939199924469
lt_ETTm1_336_336DLinear_DLinear_ETTm1_ftM_sl336_ll168_pl336_dm512_nh8_el2_dl1_df2048_fc3_ebtimeF_dtTrue_Exp_tn1_stl0.0005-5e-05_um1_0,0.36647599935531616,0.38619768619537354
lt_ETTm1_336_720DLinear_DLinear_ETTm1_ftM_sl336_ll168_pl720_dm512_nh8_el2_dl1_df2048_fc3_ebtimeF_dtTrue_Exp_tn1_stl0.0005-5e-05_um1_0,0.4222371280193329,0.41639244556427
lt_ETTm2_336_96DLinear_DLinear_ETTm2_ftM_sl336_ll168_pl96_dm512_nh8_el2_dl1_df2048_fc3_ebtimeF_dtTrue_Exp_tn1_stl0.0005-5e-05_um1_0,0.16856759786605835,0.25743359327316284
lt_ETTm2_336_192DLinear_DLinear_ETTm2_ftM_sl336_ll168_pl192_dm512_nh8_el2_dl1_df2048_fc3_ebtimeF_dtTrue_Exp_tn1_stl0.0005-5e-05_um1_0,0.225287064909935,0.2953537702560425
lt_ETTm2_336_336DLinear_DLinear_ETTm2_ftM_sl336_ll168_pl336_dm512_nh8_el2_dl1_df2048_fc3_ebtimeF_dtTrue_Exp_tn1_stl0.0005-5e-05_um1_0,0.2769712507724762,0.33023273944854736
lt_ETTh1_336_96DLinear_DLinear_ETTh1_ftM_sl336_ll168_pl96_dm512_nh8_el2_dl1_df2048_fc3_ebtimeF_dtTrue_Exp_tn1_stl0.0001-0.0005_um1_0,0.3687622845172882,0.3903876543045044
lt_ETTh1_336_96DLinear_DLinear_ETTh1_ftM_sl336_ll168_pl96_dm512_nh8_el2_dl1_df2048_fc3_ebtimeF_dtTrue_Exp_tn1_stl0.0001-0.0005_um1_1,0.3682563304901123,0.3905717134475708
lt_ETTh2_336_96DLinear_DLinear_ETTh2_ftM_sl336_ll168_pl96_dm512_nh8_el2_dl1_df2048_fc3_ebtimeF_dtTrue_Exp_tn1_stl0.0001-0.0005_um1_0,0.2843668460845947,0.34352564811706543
lt_ETTh2_336_192DLinear_DLinear_ETTh2_ftM_sl336_ll168_pl192_dm512_nh8_el2_dl1_df2048_fc3_ebtimeF_dtTrue_Exp_tn1_stl0.0001-0.0005_um1_0,0.3417969048023224,0.3820416033267975
lt_ETTh2_336_336DLinear_DLinear_ETTh2_ftM_sl336_ll168_pl336_dm512_nh8_el2_dl1_df2048_fc3_ebtimeF_dtTrue_Exp_tn1_stl0.0001-0.0005_um1_0,0.3675818145275116,0.40740397572517395
lt_ETTm1_336_96DLinear_DLinear_ETTm1_ftM_sl336_ll168_pl96_dm512_nh8_el2_dl1_df2048_fc3_ebtimeF_dtTrue_Exp_tn1_stl0.0001-0.0005_um1_0,0.2910679876804352,0.3436991572380066
lt_ETTm1_336_192DLinear_DLinear_ETTm1_ftM_sl336_ll168_pl192_dm512_nh8_el2_dl1_df2048_fc3_ebtimeF_dtTrue_Exp_tn1_stl0.0001-0.0005_um1_0,0.32897883653640747,0.3646494746208191
lt_ETTm1_336_336DLinear_DLinear_ETTm1_ftM_sl336_ll168_pl336_dm512_nh8_el2_dl1_df2048_fc3_ebtimeF_dtTrue_Exp_tn1_stl0.0001-0.0005_um1_0,0.3638077974319458,0.38449451327323914
lt_ETTm1_336_720DLinear_DLinear_ETTm1_ftM_sl336_ll168_pl720_dm512_nh8_el2_dl1_df2048_fc3_ebtimeF_dtTrue_Exp_tn1_stl0.0001-0.0005_um1_0,0.4210222065448761,0.4159107208251953
lt_ETTm2_336_96DLinear_DLinear_ETTm2_ftM_sl336_ll168_pl96_dm512_nh8_el2_dl1_df2048_fc3_ebtimeF_dtTrue_Exp_tn1_stl0.0001-0.0005_um1_0,0.17154718935489655,0.25882595777511597
lt_ETTm2_336_192DLinear_DLinear_ETTm2_ftM_sl336_ll168_pl192_dm512_nh8_el2_dl1_df2048_fc3_ebtimeF_dtTrue_Exp_tn1_stl0.0001-0.0005_um1_0,0.22712452709674835,0.29730144143104553
lt_ETTm2_336_336DLinear_DLinear_ETTm2_ftM_sl336_ll168_pl336_dm512_nh8_el2_dl1_df2048_fc3_ebtimeF_dtTrue_Exp_tn1_stl0.0001-0.0005_um1_0,0.27630046010017395,0.33017632365226746
lt_ETTm2_336_720DLinear_DLinear_ETTm2_ftM_sl336_ll168_pl720_dm512_nh8_el2_dl1_df2048_fc3_ebtimeF_dtTrue_Exp_tn1_stl0.0001-0.0005_um1_0,0.3626004159450531,0.385551393032074
lt_ETTh1_336_96DLinear_DLinear_ETTh1_ftM_sl336_ll168_pl96_dm512_nh8_el2_dl1_df2048_fc3_ebtimeF_dtTrue_Exp_tn1_stl0.0001-0.0001_um1_0,0.36873894929885864,0.39034920930862427
lt_ETTh1_336_96DLinear_DLinear_ETTh1_ftM_sl336_ll168_pl96_dm512_nh8_el2_dl1_df2048_fc3_ebtimeF_dtTrue_Exp_tn1_stl0.0001-0.0001_um1_1,0.369047611951828,0.3906104862689972
lt_ETTh1_336_192DLinear_DLinear_ETTh1_ftM_sl336_ll168_pl192_dm512_nh8_el2_dl1_df2048_fc3_ebtimeF_dtTrue_Exp_tn1_stl0.0001-0.0001_um1_0,0.40252333879470825,0.4104827642440796
lt_ETTh1_336_192DLinear_DLinear_ETTh1_ftM_sl336_ll168_pl192_dm512_nh8_el2_dl1_df2048_fc3_ebtimeF_dtTrue_Exp_tn1_stl0.0001-0.0001_um1_1,0.402597039937973,0.41073983907699585
lt_ETTh2_336_96DLinear_DLinear_ETTh2_ftM_sl336_ll168_pl96_dm512_nh8_el2_dl1_df2048_fc3_ebtimeF_dtTrue_Exp_tn1_stl0.0001-0.0001_um1_0,0.2782829701900482,0.3382382094860077
lt_ETTh2_336_192DLinear_DLinear_ETTh2_ftM_sl336_ll168_pl192_dm512_nh8_el2_dl1_df2048_fc3_ebtimeF_dtTrue_Exp_tn1_stl0.0001-0.0001_um1_0,0.34026527404785156,0.38058197498321533
lt_ETTh2_336_336DLinear_DLinear_ETTh2_ftM_sl336_ll168_pl336_dm512_nh8_el2_dl1_df2048_fc3_ebtimeF_dtTrue_Exp_tn1_stl0.0001-0.0001_um1_0,0.3653337359428406,0.40593087673187256
lt_ETTm1_336_96DLinear_DLinear_ETTm1_ftM_sl336_ll168_pl96_dm512_nh8_el2_dl1_df2048_fc3_ebtimeF_dtTrue_Exp_tn1_stl0.0001-0.0001_um1_0,0.29491934180259705,0.3446657061576843
lt_ETTm1_336_192DLinear_DLinear_ETTm1_ftM_sl336_ll168_pl192_dm512_nh8_el2_dl1_df2048_fc3_ebtimeF_dtTrue_Exp_tn1_stl0.0001-0.0001_um1_0,0.33294326066970825,0.36622026562690735
lt_ETTm1_336_336DLinear_DLinear_ETTm1_ftM_sl336_ll168_pl336_dm512_nh8_el2_dl1_df2048_fc3_ebtimeF_dtTrue_Exp_tn1_stl0.0001-0.0001_um1_0,0.3679964542388916,0.3860666751861572
lt_ETTm1_336_720DLinear_DLinear_ETTm1_ftM_sl336_ll168_pl720_dm512_nh8_el2_dl1_df2048_fc3_ebtimeF_dtTrue_Exp_tn1_stl0.0001-0.0001_um1_0,0.4233836829662323,0.4163948893547058
lt_ETTm2_336_96DLinear_DLinear_ETTm2_ftM_sl336_ll168_pl96_dm512_nh8_el2_dl1_df2048_fc3_ebtimeF_dtTrue_Exp_tn1_stl0.0001-0.0001_um1_0,0.16717973351478577,0.2566162049770355
lt_ETTm2_336_192DLinear_DLinear_ETTm2_ftM_sl336_ll168_pl192_dm512_nh8_el2_dl1_df2048_fc3_ebtimeF_dtTrue_Exp_tn1_stl0.0001-0.0001_um1_0,0.22429268062114716,0.2958860695362091
lt_ETTm2_336_336DLinear_DLinear_ETTm2_ftM_sl336_ll168_pl336_dm512_nh8_el2_dl1_df2048_fc3_ebtimeF_dtTrue_Exp_tn1_stl0.0001-0.0001_um1_0,0.27491429448127747,0.3289700746536255
lt_ETTm2_336_720DLinear_DLinear_ETTm2_ftM_sl336_ll168_pl720_dm512_nh8_el2_dl1_df2048_fc3_ebtimeF_dtTrue_Exp_tn1_stl0.0001-0.0001_um1_0,0.35914939641952515,0.3835504949092865
lt_ETTh1_336_96DLinear_DLinear_ETTh1_ftM_sl336_ll168_pl96_dm512_nh8_el2_dl1_df2048_fc3_ebtimeF_dtTrue_Exp_tn1_stl0.0001-5e-05_um1_0,0.3690582811832428,0.3906291127204895
lt_ETTh1_336_96DLinear_DLinear_ETTh1_ftM_sl336_ll168_pl96_dm512_nh8_el2_dl1_df2048_fc3_ebtimeF_dtTrue_Exp_tn1_stl0.0001-5e-05_um1_1,0.36929744482040405,0.39084410667419434
lt_ETTh1_336_192DLinear_DLinear_ETTh1_ftM_sl336_ll168_pl192_dm512_nh8_el2_dl1_df2048_fc3_ebtimeF_dtTrue_Exp_tn1_stl0.0001-5e-05_um1_0,0.4027831256389618,0.4107849895954132
lt_ETTh1_336_192DLinear_DLinear_ETTh1_ftM_sl336_ll168_pl192_dm512_nh8_el2_dl1_df2048_fc3_ebtimeF_dtTrue_Exp_tn1_stl0.0001-5e-05_um1_1,0.40288490056991577,0.41106855869293213
lt_ETTh2_336_96DLinear_DLinear_ETTh2_ftM_sl336_ll168_pl96_dm512_nh8_el2_dl1_df2048_fc3_ebtimeF_dtTrue_Exp_tn1_stl0.0001-5e-05_um1_0,0.27964159846305847,0.3399689197540283
lt_ETTh2_336_192DLinear_DLinear_ETTh2_ftM_sl336_ll168_pl192_dm512_nh8_el2_dl1_df2048_fc3_ebtimeF_dtTrue_Exp_tn1_stl0.0001-5e-05_um1_0,0.3392657935619354,0.3799211382865906
lt_ETTh2_336_336DLinear_DLinear_ETTh2_ftM_sl336_ll168_pl336_dm512_nh8_el2_dl1_df2048_fc3_ebtimeF_dtTrue_Exp_tn1_stl0.0001-5e-05_um1_0,0.36484086513519287,0.40470582246780396
lt_ETTh2_336_720DLinear_DLinear_ETTh2_ftM_sl336_ll168_pl720_dm512_nh8_el2_dl1_df2048_fc3_ebtimeF_dtTrue_Exp_tn1_stl0.0001-5e-05_um1_0,0.4133598506450653,0.44656139612197876
lt_ETTm1_336_96DLinear_DLinear_ETTm1_ftM_sl336_ll168_pl96_dm512_nh8_el2_dl1_df2048_fc3_ebtimeF_dtTrue_Exp_tn1_stl0.0001-5e-05_um1_0,0.2954305410385132,0.3445604741573334
lt_ETTm1_336_192DLinear_DLinear_ETTm1_ftM_sl336_ll168_pl192_dm512_nh8_el2_dl1_df2048_fc3_ebtimeF_dtTrue_Exp_tn1_stl0.0001-5e-05_um1_0,0.3334113359451294,0.3660873472690582
lt_ETTm1_336_336DLinear_DLinear_ETTm1_ftM_sl336_ll168_pl336_dm512_nh8_el2_dl1_df2048_fc3_ebtimeF_dtTrue_Exp_tn1_stl0.0001-5e-05_um1_0,0.36828160285949707,0.3856280744075775
lt_ETTm1_336_720DLinear_DLinear_ETTm1_ftM_sl336_ll168_pl720_dm512_nh8_el2_dl1_df2048_fc3_ebtimeF_dtTrue_Exp_tn1_stl0.0001-5e-05_um1_0,0.4233751893043518,0.41591253876686096
lt_ETTm2_336_96DLinear_DLinear_ETTm2_ftM_sl336_ll168_pl96_dm512_nh8_el2_dl1_df2048_fc3_ebtimeF_dtTrue_Exp_tn1_stl0.0001-5e-05_um1_0,0.16618558764457703,0.2562101185321808
lt_ETTm2_336_192DLinear_DLinear_ETTm2_ftM_sl336_ll168_pl192_dm512_nh8_el2_dl1_df2048_fc3_ebtimeF_dtTrue_Exp_tn1_stl0.0001-5e-05_um1_0,0.22171948850154877,0.2933052182197571
lt_ETTm2_336_336DLinear_DLinear_ETTm2_ftM_sl336_ll168_pl336_dm512_nh8_el2_dl1_df2048_fc3_ebtimeF_dtTrue_Exp_tn1_stl0.0001-5e-05_um1_0,0.2739567756652832,0.3280242085456848
lt_ETTm2_336_720DLinear_DLinear_ETTm2_ftM_sl336_ll168_pl720_dm512_nh8_el2_dl1_df2048_fc3_ebtimeF_dtTrue_Exp_tn1_stl0.0001-5e-05_um1_0,0.35987547039985657,0.38255441188812256
lt_ETTh1_336_96DLinear_DLinear_ETTh1_ftM_sl336_ll168_pl96_dm512_nh8_el2_dl1_df2048_fc3_ebtimeF_dtTrue_Exp_tn1_stl5e-05-0.0005_um1_0,0.36882203817367554,0.39040637016296387
lt_ETTh1_336_96DLinear_DLinear_ETTh1_ftM_sl336_ll168_pl96_dm512_nh8_el2_dl1_df2048_fc3_ebtimeF_dtTrue_Exp_tn1_stl5e-05-0.0005_um1_1,0.3683071732521057,0.3905695378780365
lt_ETTh2_336_96DLinear_DLinear_ETTh2_ftM_sl336_ll168_pl96_dm512_nh8_el2_dl1_df2048_fc3_ebtimeF_dtTrue_Exp_tn1_stl5e-05-0.0005_um1_0,0.2844177484512329,0.3445279002189636
lt_ETTh2_336_192DLinear_DLinear_ETTh2_ftM_sl336_ll168_pl192_dm512_nh8_el2_dl1_df2048_fc3_ebtimeF_dtTrue_Exp_tn1_stl5e-05-0.0005_um1_0,0.34150928258895874,0.38168004155158997
lt_ETTh2_336_336DLinear_DLinear_ETTh2_ftM_sl336_ll168_pl336_dm512_nh8_el2_dl1_df2048_fc3_ebtimeF_dtTrue_Exp_tn1_stl5e-05-0.0005_um1_0,0.3663846552371979,0.40623730421066284
lt_ETTm1_336_96DLinear_DLinear_ETTm1_ftM_sl336_ll168_pl96_dm512_nh8_el2_dl1_df2048_fc3_ebtimeF_dtTrue_Exp_tn1_stl5e-05-0.0005_um1_0,0.29120558500289917,0.3437645733356476
lt_ETTm1_336_192DLinear_DLinear_ETTm1_ftM_sl336_ll168_pl192_dm512_nh8_el2_dl1_df2048_fc3_ebtimeF_dtTrue_Exp_tn1_stl5e-05-0.0005_um1_0,0.3291647136211395,0.3647010326385498
lt_ETTm1_336_336DLinear_DLinear_ETTm1_ftM_sl336_ll168_pl336_dm512_nh8_el2_dl1_df2048_fc3_ebtimeF_dtTrue_Exp_tn1_stl5e-05-0.0005_um1_0,0.36399200558662415,0.38454198837280273
lt_ETTm1_336_720DLinear_DLinear_ETTm1_ftM_sl336_ll168_pl720_dm512_nh8_el2_dl1_df2048_fc3_ebtimeF_dtTrue_Exp_tn1_stl5e-05-0.0005_um1_0,0.42119309306144714,0.41588494181632996
lt_ETTm2_336_96DLinear_DLinear_ETTm2_ftM_sl336_ll168_pl96_dm512_nh8_el2_dl1_df2048_fc3_ebtimeF_dtTrue_Exp_tn1_stl5e-05-0.0005_um1_0,0.17138482630252838,0.2587873935699463
lt_ETTm2_336_192DLinear_DLinear_ETTm2_ftM_sl336_ll168_pl192_dm512_nh8_el2_dl1_df2048_fc3_ebtimeF_dtTrue_Exp_tn1_stl5e-05-0.0005_um1_0,0.2266920953989029,0.29709815979003906
lt_ETTm2_336_336DLinear_DLinear_ETTm2_ftM_sl336_ll168_pl336_dm512_nh8_el2_dl1_df2048_fc3_ebtimeF_dtTrue_Exp_tn1_stl5e-05-0.0005_um1_0,0.2758605182170868,0.32983729243278503
lt_ETTm2_336_720DLinear_DLinear_ETTm2_ftM_sl336_ll168_pl720_dm512_nh8_el2_dl1_df2048_fc3_ebtimeF_dtTrue_Exp_tn1_stl5e-05-0.0005_um1_0,0.36228519678115845,0.38508063554763794
lt_ETTh1_336_96DLinear_DLinear_ETTh1_ftM_sl336_ll168_pl96_dm512_nh8_el2_dl1_df2048_fc3_ebtimeF_dtTrue_Exp_tn1_stl5e-05-0.0001_um1_0,0.3688010573387146,0.3903760612010956
lt_ETTh1_336_96DLinear_DLinear_ETTh1_ftM_sl336_ll168_pl96_dm512_nh8_el2_dl1_df2048_fc3_ebtimeF_dtTrue_Exp_tn1_stl5e-05-0.0001_um1_1,0.3690854609012604,0.39062026143074036
lt_ETTh1_336_192DLinear_DLinear_ETTh1_ftM_sl336_ll168_pl192_dm512_nh8_el2_dl1_df2048_fc3_ebtimeF_dtTrue_Exp_tn1_stl5e-05-0.0001_um1_0,0.4026155471801758,0.4105467200279236
lt_ETTh1_336_192DLinear_DLinear_ETTh1_ftM_sl336_ll168_pl192_dm512_nh8_el2_dl1_df2048_fc3_ebtimeF_dtTrue_Exp_tn1_stl5e-05-0.0001_um1_1,0.4026739001274109,0.4107869863510132
lt_ETTh1_336_336DLinear_DLinear_ETTh1_ftM_sl336_ll168_pl336_dm512_nh8_el2_dl1_df2048_fc3_ebtimeF_dtTrue_Exp_tn1_stl5e-05-0.0001_um1_0,0.4282175600528717,0.426627516746521
lt_ETTh1_336_336DLinear_DLinear_ETTh1_ftM_sl336_ll168_pl336_dm512_nh8_el2_dl1_df2048_fc3_ebtimeF_dtTrue_Exp_tn1_stl5e-05-0.0001_um1_1,0.4317079484462738,0.42917904257774353
lt_ETTh2_336_96DLinear_DLinear_ETTh2_ftM_sl336_ll168_pl96_dm512_nh8_el2_dl1_df2048_fc3_ebtimeF_dtTrue_Exp_tn1_stl5e-05-0.0001_um1_0,0.27968645095825195,0.3400450348854065
lt_ETTh2_336_192DLinear_DLinear_ETTh2_ftM_sl336_ll168_pl192_dm512_nh8_el2_dl1_df2048_fc3_ebtimeF_dtTrue_Exp_tn1_stl5e-05-0.0001_um1_0,0.33978980779647827,0.3801518976688385
lt_ETTh2_336_336DLinear_DLinear_ETTh2_ftM_sl336_ll168_pl336_dm512_nh8_el2_dl1_df2048_fc3_ebtimeF_dtTrue_Exp_tn1_stl5e-05-0.0001_um1_0,0.36373716592788696,0.40453168749809265
lt_ETTm1_336_96DLinear_DLinear_ETTm1_ftM_sl336_ll168_pl96_dm512_nh8_el2_dl1_df2048_fc3_ebtimeF_dtTrue_Exp_tn1_stl5e-05-0.0001_um1_0,0.29513850808143616,0.3447175621986389
lt_ETTm1_336_192DLinear_DLinear_ETTm1_ftM_sl336_ll168_pl192_dm512_nh8_el2_dl1_df2048_fc3_ebtimeF_dtTrue_Exp_tn1_stl5e-05-0.0001_um1_0,0.33323368430137634,0.3662538230419159
lt_ETTm1_336_336DLinear_DLinear_ETTm1_ftM_sl336_ll168_pl336_dm512_nh8_el2_dl1_df2048_fc3_ebtimeF_dtTrue_Exp_tn1_stl5e-05-0.0001_um1_0,0.36828991770744324,0.38601383566856384
lt_ETTm1_336_720DLinear_DLinear_ETTm1_ftM_sl336_ll168_pl720_dm512_nh8_el2_dl1_df2048_fc3_ebtimeF_dtTrue_Exp_tn1_stl5e-05-0.0001_um1_0,0.4235352575778961,0.41629207134246826
lt_ETTm2_336_96DLinear_DLinear_ETTm2_ftM_sl336_ll168_pl96_dm512_nh8_el2_dl1_df2048_fc3_ebtimeF_dtTrue_Exp_tn1_stl5e-05-0.0001_um1_0,0.16690541803836823,0.25648945569992065
lt_ETTm2_336_192DLinear_DLinear_ETTm2_ftM_sl336_ll168_pl192_dm512_nh8_el2_dl1_df2048_fc3_ebtimeF_dtTrue_Exp_tn1_stl5e-05-0.0001_um1_0,0.22376282513141632,0.2956123650074005
lt_ETTm2_336_336DLinear_DLinear_ETTm2_ftM_sl336_ll168_pl336_dm512_nh8_el2_dl1_df2048_fc3_ebtimeF_dtTrue_Exp_tn1_stl5e-05-0.0001_um1_0,0.27456459403038025,0.32869023084640503
lt_ETTm2_336_720DLinear_DLinear_ETTm2_ftM_sl336_ll168_pl720_dm512_nh8_el2_dl1_df2048_fc3_ebtimeF_dtTrue_Exp_tn1_stl5e-05-0.0001_um1_0,0.3591664135456085,0.38297197222709656
lt_ETTh1_336_96DLinear_DLinear_ETTh1_ftM_sl336_ll168_pl96_dm512_nh8_el2_dl1_df2048_fc3_ebtimeF_dtTrue_Exp_tn1_stl5e-05-5e-05_um1_0,0.369147926568985,0.3906908929347992
lt_ETTh1_336_96DLinear_DLinear_ETTh1_ftM_sl336_ll168_pl96_dm512_nh8_el2_dl1_df2048_fc3_ebtimeF_dtTrue_Exp_tn1_stl5e-05-5e-05_um1_1,0.3693543076515198,0.390882283449173
lt_ETTh1_336_192DLinear_DLinear_ETTh1_ftM_sl336_ll168_pl192_dm512_nh8_el2_dl1_df2048_fc3_ebtimeF_dtTrue_Exp_tn1_stl5e-05-5e-05_um1_0,0.4028804898262024,0.4108600616455078
lt_ETTh1_336_192DLinear_DLinear_ETTh1_ftM_sl336_ll168_pl192_dm512_nh8_el2_dl1_df2048_fc3_ebtimeF_dtTrue_Exp_tn1_stl5e-05-5e-05_um1_1,0.40298306941986084,0.4111552834510803
lt_ETTh2_336_96DLinear_DLinear_ETTh2_ftM_sl336_ll168_pl96_dm512_nh8_el2_dl1_df2048_fc3_ebtimeF_dtTrue_Exp_tn1_stl5e-05-5e-05_um1_0,0.27925559878349304,0.3397188186645508
lt_ETTh2_336_192DLinear_DLinear_ETTh2_ftM_sl336_ll168_pl192_dm512_nh8_el2_dl1_df2048_fc3_ebtimeF_dtTrue_Exp_tn1_stl5e-05-5e-05_um1_0,0.3393981158733368,0.3800024092197418
lt_ETTh2_336_336DLinear_DLinear_ETTh2_ftM_sl336_ll168_pl336_dm512_nh8_el2_dl1_df2048_fc3_ebtimeF_dtTrue_Exp_tn1_stl5e-05-5e-05_um1_0,0.3642655313014984,0.40427449345588684
lt_ETTh2_336_720DLinear_DLinear_ETTh2_ftM_sl336_ll168_pl720_dm512_nh8_el2_dl1_df2048_fc3_ebtimeF_dtTrue_Exp_tn1_stl5e-05-5e-05_um1_0,0.40742528438568115,0.4430278241634369
lt_ETTm1_336_96DLinear_DLinear_ETTm1_ftM_sl336_ll168_pl96_dm512_nh8_el2_dl1_df2048_fc3_ebtimeF_dtTrue_Exp_tn1_stl5e-05-5e-05_um1_0,0.2955959737300873,0.3445039689540863
lt_ETTm1_336_192DLinear_DLinear_ETTm1_ftM_sl336_ll168_pl192_dm512_nh8_el2_dl1_df2048_fc3_ebtimeF_dtTrue_Exp_tn1_stl5e-05-5e-05_um1_0,0.33372360467910767,0.36609843373298645
lt_ETTm1_336_336DLinear_DLinear_ETTm1_ftM_sl336_ll168_pl336_dm512_nh8_el2_dl1_df2048_fc3_ebtimeF_dtTrue_Exp_tn1_stl5e-05-5e-05_um1_0,0.36856910586357117,0.3855573832988739
lt_ETTm1_336_720DLinear_DLinear_ETTm1_ftM_sl336_ll168_pl720_dm512_nh8_el2_dl1_df2048_fc3_ebtimeF_dtTrue_Exp_tn1_stl5e-05-5e-05_um1_0,0.42369118332862854,0.4158504903316498
lt_ETTm2_336_96DLinear_DLinear_ETTm2_ftM_sl336_ll168_pl96_dm512_nh8_el2_dl1_df2048_fc3_ebtimeF_dtTrue_Exp_tn1_stl5e-05-5e-05_um1_0,0.16592974960803986,0.25609898567199707
lt_ETTm2_336_192DLinear_DLinear_ETTm2_ftM_sl336_ll168_pl192_dm512_nh8_el2_dl1_df2048_fc3_ebtimeF_dtTrue_Exp_tn1_stl5e-05-5e-05_um1_0,0.2216251790523529,0.29347482323646545
lt_ETTm2_336_336DLinear_DLinear_ETTm2_ftM_sl336_ll168_pl336_dm512_nh8_el2_dl1_df2048_fc3_ebtimeF_dtTrue_Exp_tn1_stl5e-05-5e-05_um1_0,0.27388179302215576,0.3279908299446106
lt_ETTm2_336_720DLinear_DLinear_ETTm2_ftM_sl336_ll168_pl720_dm512_nh8_el2_dl1_df2048_fc3_ebtimeF_dtTrue_Exp_tn1_stl5e-05-5e-05_um1_0,0.3603317439556122,0.3823374807834625
lt_ETTh1_336_96DLinear_DLinear_ETTh1_ftM_sl336_ll168_pl96_dm512_nh8_el2_dl1_df2048_fc3_ebtimeF_dtTrue_Exp_tn1_stl0.0005-0.0005_um1_0,0.38495591282844543,0.406185120344162
lt_ETTh1_336_96DLinear_DLinear_ETTh1_ftM_sl336_ll168_pl96_dm512_nh8_el2_dl1_df2048_fc3_ebtimeF_dtTrue_Exp_tn1_stl0.0005-0.0005_um1_1,0.3856089115142822,0.4072472155094147
lt_ETTh2_336_96DLinear_DLinear_ETTh2_ftM_sl336_ll168_pl96_dm512_nh8_el2_dl1_df2048_fc3_ebtimeF_dtTrue_Exp_tn1_stl0.0005-0.0005_um1_0,0.288485050201416,0.34635108709335327
lt_ETTh2_336_192DLinear_DLinear_ETTh2_ftM_sl336_ll168_pl192_dm512_nh8_el2_dl1_df2048_fc3_ebtimeF_dtTrue_Exp_tn1_stl0.0005-0.0005_um1_0,0.3446444272994995,0.3852268159389496
lt_ETTh2_336_336DLinear_DLinear_ETTh2_ftM_sl336_ll168_pl336_dm512_nh8_el2_dl1_df2048_fc3_ebtimeF_dtTrue_Exp_tn1_stl0.0005-0.0005_um1_0,0.37944966554641724,0.4154444932937622
lt_ETTm1_336_96DLinear_DLinear_ETTm1_ftM_sl336_ll168_pl96_dm512_nh8_el2_dl1_df2048_fc3_ebtimeF_dtTrue_Exp_tn1_stl0.0005-0.0005_um1_0,0.289986789226532,0.3431910574436188
lt_ETTm1_336_192DLinear_DLinear_ETTm1_ftM_sl336_ll168_pl192_dm512_nh8_el2_dl1_df2048_fc3_ebtimeF_dtTrue_Exp_tn1_stl0.0005-0.0005_um1_0,0.32940033078193665,0.3652254045009613
lt_ETTm1_336_336DLinear_DLinear_ETTm1_ftM_sl336_ll168_pl336_dm512_nh8_el2_dl1_df2048_fc3_ebtimeF_dtTrue_Exp_tn1_stl0.0005-0.0005_um1_0,0.36642715334892273,0.3871508836746216
lt_ETTm1_336_720DLinear_DLinear_ETTm1_ftM_sl336_ll168_pl720_dm512_nh8_el2_dl1_df2048_fc3_ebtimeF_dtTrue_Exp_tn1_stl0.0005-0.0005_um1_0,0.4212619960308075,0.41661274433135986
lt_ETTm2_336_96DLinear_DLinear_ETTm2_ftM_sl336_ll168_pl96_dm512_nh8_el2_dl1_df2048_fc3_ebtimeF_dtTrue_Exp_tn1_stl0.0005-0.0005_um1_0,0.1712435781955719,0.2596542537212372
lt_ETTm2_336_192DLinear_DLinear_ETTm2_ftM_sl336_ll168_pl192_dm512_nh8_el2_dl1_df2048_fc3_ebtimeF_dtTrue_Exp_tn1_stl0.0005-0.0005_um1_0,0.22596286237239838,0.29623234272003174
lt_ETTm2_336_336DLinear_DLinear_ETTm2_ftM_sl336_ll168_pl336_dm512_nh8_el2_dl1_df2048_fc3_ebtimeF_dtTrue_Exp_tn1_stl0.0005-0.0005_um1_0,0.2753138840198517,0.3291167914867401
lt_ETTm2_336_720DLinear_DLinear_ETTm2_ftM_sl336_ll168_pl720_dm512_nh8_el2_dl1_df2048_fc3_ebtimeF_dtTrue_Exp_tn1_stl0.0005-0.0005_um1_0,0.3628222346305847,0.3856744170188904
lt_ETTh1_336_96DLinear_DLinear_ETTh1_ftM_sl336_ll168_pl96_dm512_nh8_el2_dl1_df2048_fc3_ebtimeF_dtTrue_Exp_tn1_stl0.0005-0.0001_um1_0,0.38485193252563477,0.4061524271965027
lt_ETTh1_336_96DLinear_DLinear_ETTh1_ftM_sl336_ll168_pl96_dm512_nh8_el2_dl1_df2048_fc3_ebtimeF_dtTrue_Exp_tn1_stl0.0005-0.0001_um1_1,0.3829832077026367,0.40430760383605957
lt_ETTh1_336_192DLinear_DLinear_ETTh1_ftM_sl336_ll168_pl192_dm512_nh8_el2_dl1_df2048_fc3_ebtimeF_dtTrue_Exp_tn1_stl0.0005-0.0001_um1_0,0.4145717918872833,0.42293497920036316
lt_ETTh1_336_192DLinear_DLinear_ETTh1_ftM_sl336_ll168_pl192_dm512_nh8_el2_dl1_df2048_fc3_ebtimeF_dtTrue_Exp_tn1_stl0.0005-0.0001_um1_1,0.4146914482116699,0.4228094518184662
lt_ETTh1_336_336DLinear_DLinear_ETTh1_ftM_sl336_ll168_pl336_dm512_nh8_el2_dl1_df2048_fc3_ebtimeF_dtTrue_Exp_tn1_stl0.0005-0.0001_um1_0,0.4335624575614929,0.43579551577568054
lt_ETTh1_336_336DLinear_DLinear_ETTh1_ftM_sl336_ll168_pl336_dm512_nh8_el2_dl1_df2048_fc3_ebtimeF_dtTrue_Exp_tn1_stl0.0005-0.0001_um1_1,0.43346816301345825,0.4356161057949066
lt_ETTh2_336_96DLinear_DLinear_ETTh2_ftM_sl336_ll168_pl96_dm512_nh8_el2_dl1_df2048_fc3_ebtimeF_dtTrue_Exp_tn1_stl0.0005-0.0001_um1_0,0.28355515003204346,0.3416095972061157
lt_ETTh2_336_192DLinear_DLinear_ETTh2_ftM_sl336_ll168_pl192_dm512_nh8_el2_dl1_df2048_fc3_ebtimeF_dtTrue_Exp_tn1_stl0.0005-0.0001_um1_0,0.3433724641799927,0.3838992118835449
lt_ETTh2_336_336DLinear_DLinear_ETTh2_ftM_sl336_ll168_pl336_dm512_nh8_el2_dl1_df2048_fc3_ebtimeF_dtTrue_Exp_tn1_stl0.0005-0.0001_um1_0,0.37750235199928284,0.4141026437282562
lt_ETTm1_336_96DLinear_DLinear_ETTm1_ftM_sl336_ll168_pl96_dm512_nh8_el2_dl1_df2048_fc3_ebtimeF_dtTrue_Exp_tn1_stl0.0005-0.0001_um1_0,0.29346129298210144,0.34406301379203796
lt_ETTm1_336_192DLinear_DLinear_ETTm1_ftM_sl336_ll168_pl192_dm512_nh8_el2_dl1_df2048_fc3_ebtimeF_dtTrue_Exp_tn1_stl0.0005-0.0001_um1_0,0.33319684863090515,0.36680737137794495
lt_ETTm1_336_336DLinear_DLinear_ETTm1_ftM_sl336_ll168_pl336_dm512_nh8_el2_dl1_df2048_fc3_ebtimeF_dtTrue_Exp_tn1_stl0.0005-0.0001_um1_0,0.36820054054260254,0.38682717084884644
lt_ETTm1_336_720DLinear_DLinear_ETTm1_ftM_sl336_ll168_pl720_dm512_nh8_el2_dl1_df2048_fc3_ebtimeF_dtTrue_Exp_tn1_stl0.0005-0.0001_um1_0,0.4230417311191559,0.4170306921005249
lt_ETTm2_336_96DLinear_DLinear_ETTm2_ftM_sl336_ll168_pl96_dm512_nh8_el2_dl1_df2048_fc3_ebtimeF_dtTrue_Exp_tn1_stl0.0005-0.0001_um1_0,0.1667734831571579,0.25620678067207336
lt_ETTm2_336_192DLinear_DLinear_ETTm2_ftM_sl336_ll168_pl192_dm512_nh8_el2_dl1_df2048_fc3_ebtimeF_dtTrue_Exp_tn1_stl0.0005-0.0001_um1_0,0.2227833867073059,0.2942602038383484
lt_ETTm2_336_336DLinear_DLinear_ETTm2_ftM_sl336_ll168_pl336_dm512_nh8_el2_dl1_df2048_fc3_ebtimeF_dtTrue_Exp_tn1_stl0.0005-0.0001_um1_0,0.2738151252269745,0.3280492424964905
lt_ETTm2_336_720DLinear_DLinear_ETTm2_ftM_sl336_ll168_pl720_dm512_nh8_el2_dl1_df2048_fc3_ebtimeF_dtTrue_Exp_tn1_stl0.0005-0.0001_um1_0,0.36027491092681885,0.3845919668674469
lt_ETTh1_336_96DLinear_DLinear_ETTh1_ftM_sl336_ll168_pl96_dm512_nh8_el2_dl1_df2048_fc3_ebtimeF_dtTrue_Exp_tn1_stl0.0005-5e-05_um1_0,0.38349103927612305,0.4048784077167511
lt_ETTh1_336_96DLinear_DLinear_ETTh1_ftM_sl336_ll168_pl96_dm512_nh8_el2_dl1_df2048_fc3_ebtimeF_dtTrue_Exp_tn1_stl0.0005-5e-05_um1_1,0.3826102018356323,0.40409404039382935
lt_ETTh1_336_192DLinear_DLinear_ETTh1_ftM_sl336_ll168_pl192_dm512_nh8_el2_dl1_df2048_fc3_ebtimeF_dtTrue_Exp_tn1_stl0.0005-5e-05_um1_0,0.414614200592041,0.42295682430267334
lt_ETTh1_336_192DLinear_DLinear_ETTh1_ftM_sl336_ll168_pl192_dm512_nh8_el2_dl1_df2048_fc3_ebtimeF_dtTrue_Exp_tn1_stl0.0005-5e-05_um1_1,0.4145851731300354,0.4228343069553375
lt_ETTh1_336_336DLinear_DLinear_ETTh1_ftM_sl336_ll168_pl336_dm512_nh8_el2_dl1_df2048_fc3_ebtimeF_dtTrue_Exp_tn1_stl0.0005-5e-05_um1_0,0.43306031823158264,0.4349129796028137
lt_ETTh1_336_336DLinear_DLinear_ETTh1_ftM_sl336_ll168_pl336_dm512_nh8_el2_dl1_df2048_fc3_ebtimeF_dtTrue_Exp_tn1_stl0.0005-5e-05_um1_1,0.4325370788574219,0.43496519327163696
lt_ETTh2_336_96DLinear_DLinear_ETTh2_ftM_sl336_ll168_pl96_dm512_nh8_el2_dl1_df2048_fc3_ebtimeF_dtTrue_Exp_tn1_stl0.0005-5e-05_um1_0,0.28360384702682495,0.34135180711746216
lt_ETTh2_336_192DLinear_DLinear_ETTh2_ftM_sl336_ll168_pl192_dm512_nh8_el2_dl1_df2048_fc3_ebtimeF_dtTrue_Exp_tn1_stl0.0005-5e-05_um1_0,0.34268051385879517,0.38320884108543396
lt_ETTh2_336_336DLinear_DLinear_ETTh2_ftM_sl336_ll168_pl336_dm512_nh8_el2_dl1_df2048_fc3_ebtimeF_dtTrue_Exp_tn1_stl0.0005-5e-05_um1_0,0.37615150213241577,0.41337570548057556
lt_ETTh2_336_720DLinear_DLinear_ETTh2_ftM_sl336_ll168_pl720_dm512_nh8_el2_dl1_df2048_fc3_ebtimeF_dtTrue_Exp_tn1_stl0.0005-5e-05_um1_0,0.4237896502017975,0.45143795013427734
lt_ETTm1_336_96DLinear_DLinear_ETTm1_ftM_sl336_ll168_pl96_dm512_nh8_el2_dl1_df2048_fc3_ebtimeF_dtTrue_Exp_tn1_stl0.0005-5e-05_um1_0,0.29421746730804443,0.34421563148498535
lt_ETTm1_336_192DLinear_DLinear_ETTm1_ftM_sl336_ll168_pl192_dm512_nh8_el2_dl1_df2048_fc3_ebtimeF_dtTrue_Exp_tn1_stl0.0005-5e-05_um1_0,0.3337996304035187,0.3668074309825897
lt_ETTm1_336_336DLinear_DLinear_ETTm1_ftM_sl336_ll168_pl336_dm512_nh8_el2_dl1_df2048_fc3_ebtimeF_dtTrue_Exp_tn1_stl0.0005-5e-05_um1_0,0.3685007691383362,0.38651904463768005
lt_ETTm1_336_720DLinear_DLinear_ETTm1_ftM_sl336_ll168_pl720_dm512_nh8_el2_dl1_df2048_fc3_ebtimeF_dtTrue_Exp_tn1_stl0.0005-5e-05_um1_0,0.42302432656288147,0.4166696071624756
lt_ETTm2_336_96DLinear_DLinear_ETTm2_ftM_sl336_ll168_pl96_dm512_nh8_el2_dl1_df2048_fc3_ebtimeF_dtTrue_Exp_tn1_stl0.0005-5e-05_um1_0,0.1660139411687851,0.25662970542907715
lt_ETTm2_336_192DLinear_DLinear_ETTm2_ftM_sl336_ll168_pl192_dm512_nh8_el2_dl1_df2048_fc3_ebtimeF_dtTrue_Exp_tn1_stl0.0005-5e-05_um1_0,0.22134153544902802,0.29321393370628357
lt_ETTm2_336_336DLinear_DLinear_ETTm2_ftM_sl336_ll168_pl336_dm512_nh8_el2_dl1_df2048_fc3_ebtimeF_dtTrue_Exp_tn1_stl0.0005-5e-05_um1_0,0.27366164326667786,0.32748517394065857
lt_ETTm2_336_720DLinear_DLinear_ETTm2_ftM_sl336_ll168_pl720_dm512_nh8_el2_dl1_df2048_fc3_ebtimeF_dtTrue_Exp_tn1_stl0.0005-5e-05_um1_0,0.3604242503643036,0.3831552267074585
lt_ETTh1_336_96DLinear_DLinear_ETTh1_ftM_sl336_ll168_pl96_dm512_nh8_el2_dl1_df2048_fc3_ebtimeF_dtTrue_Exp_tn1_stl0.0001-0.0005_um1_0,0.3832955062389374,0.40451717376708984
lt_ETTh1_336_96DLinear_DLinear_ETTh1_ftM_sl336_ll168_pl96_dm512_nh8_el2_dl1_df2048_fc3_ebtimeF_dtTrue_Exp_tn1_stl0.0001-0.0005_um1_1,0.38541626930236816,0.4068746864795685
lt_ETTh2_336_96DLinear_DLinear_ETTh2_ftM_sl336_ll168_pl96_dm512_nh8_el2_dl1_df2048_fc3_ebtimeF_dtTrue_Exp_tn1_stl0.0001-0.0005_um1_0,0.2867867648601532,0.3448842167854309
lt_ETTh2_336_192DLinear_DLinear_ETTh2_ftM_sl336_ll168_pl192_dm512_nh8_el2_dl1_df2048_fc3_ebtimeF_dtTrue_Exp_tn1_stl0.0001-0.0005_um1_0,0.34294670820236206,0.3828607499599457
lt_ETTh2_336_336DLinear_DLinear_ETTh2_ftM_sl336_ll168_pl336_dm512_nh8_el2_dl1_df2048_fc3_ebtimeF_dtTrue_Exp_tn1_stl0.0001-0.0005_um1_0,0.369324266910553,0.4071594476699829
lt_ETTm1_336_96DLinear_DLinear_ETTm1_ftM_sl336_ll168_pl96_dm512_nh8_el2_dl1_df2048_fc3_ebtimeF_dtTrue_Exp_tn1_stl0.0001-0.0005_um1_0,0.2920072376728058,0.3446560502052307
lt_ETTm1_336_192DLinear_DLinear_ETTm1_ftM_sl336_ll168_pl192_dm512_nh8_el2_dl1_df2048_fc3_ebtimeF_dtTrue_Exp_tn1_stl0.0001-0.0005_um1_0,0.3312413692474365,0.3662327229976654
lt_ETTm1_336_336DLinear_DLinear_ETTm1_ftM_sl336_ll168_pl336_dm512_nh8_el2_dl1_df2048_fc3_ebtimeF_dtTrue_Exp_tn1_stl0.0001-0.0005_um1_0,0.365712434053421,0.38501253724098206
lt_ETTm1_336_720DLinear_DLinear_ETTm1_ftM_sl336_ll168_pl720_dm512_nh8_el2_dl1_df2048_fc3_ebtimeF_dtTrue_Exp_tn1_stl0.0001-0.0005_um1_0,0.4233420491218567,0.4161851704120636
lt_ETTm2_336_96DLinear_DLinear_ETTm2_ftM_sl336_ll168_pl96_dm512_nh8_el2_dl1_df2048_fc3_ebtimeF_dtTrue_Exp_tn1_stl0.0001-0.0005_um1_0,0.17124594748020172,0.2596677243709564
lt_ETTm2_336_192DLinear_DLinear_ETTm2_ftM_sl336_ll168_pl192_dm512_nh8_el2_dl1_df2048_fc3_ebtimeF_dtTrue_Exp_tn1_stl0.0001-0.0005_um1_0,0.2241220772266388,0.29491472244262695
lt_ETTm2_336_336DLinear_DLinear_ETTm2_ftM_sl336_ll168_pl336_dm512_nh8_el2_dl1_df2048_fc3_ebtimeF_dtTrue_Exp_tn1_stl0.0001-0.0005_um1_0,0.2726427912712097,0.3276219069957733
lt_ETTm2_336_720DLinear_DLinear_ETTm2_ftM_sl336_ll168_pl720_dm512_nh8_el2_dl1_df2048_fc3_ebtimeF_dtTrue_Exp_tn1_stl0.0001-0.0005_um1_0,0.36124274134635925,0.38376137614250183
lt_ETTh1_336_96DLinear_DLinear_ETTh1_ftM_sl336_ll168_pl96_dm512_nh8_el2_dl1_df2048_fc3_ebtimeF_dtTrue_Exp_tn1_stl0.0001-0.0001_um1_0,0.3827141225337982,0.40412676334381104
lt_ETTh1_336_96DLinear_DLinear_ETTh1_ftM_sl336_ll168_pl96_dm512_nh8_el2_dl1_df2048_fc3_ebtimeF_dtTrue_Exp_tn1_stl0.0001-0.0001_um1_1,0.3823174834251404,0.4035911560058594
lt_ETTh1_336_192DLinear_DLinear_ETTh1_ftM_sl336_ll168_pl192_dm512_nh8_el2_dl1_df2048_fc3_ebtimeF_dtTrue_Exp_tn1_stl0.0001-0.0001_um1_0,0.41418933868408203,0.4224545955657959
lt_ETTh1_336_192DLinear_DLinear_ETTh1_ftM_sl336_ll168_pl192_dm512_nh8_el2_dl1_df2048_fc3_ebtimeF_dtTrue_Exp_tn1_stl0.0001-0.0001_um1_1,0.4138900935649872,0.42237210273742676
lt_ETTh1_336_336DLinear_DLinear_ETTh1_ftM_sl336_ll168_pl336_dm512_nh8_el2_dl1_df2048_fc3_ebtimeF_dtTrue_Exp_tn1_stl0.0001-0.0001_um1_0,0.43267273902893066,0.4347149729728699
lt_ETTh1_336_336DLinear_DLinear_ETTh1_ftM_sl336_ll168_pl336_dm512_nh8_el2_dl1_df2048_fc3_ebtimeF_dtTrue_Exp_tn1_stl0.0001-0.0001_um1_1,0.4323856830596924,0.43449199199676514
lt_ETTh2_336_96DLinear_DLinear_ETTh2_ftM_sl336_ll168_pl96_dm512_nh8_el2_dl1_df2048_fc3_ebtimeF_dtTrue_Exp_tn1_stl0.0001-0.0001_um1_0,0.28036850690841675,0.3400956392288208
lt_ETTh2_336_192DLinear_DLinear_ETTh2_ftM_sl336_ll168_pl192_dm512_nh8_el2_dl1_df2048_fc3_ebtimeF_dtTrue_Exp_tn1_stl0.0001-0.0001_um1_0,0.34100955724716187,0.38135042786598206
lt_ETTh2_336_336DLinear_DLinear_ETTh2_ftM_sl336_ll168_pl336_dm512_nh8_el2_dl1_df2048_fc3_ebtimeF_dtTrue_Exp_tn1_stl0.0001-0.0001_um1_0,0.3670444190502167,0.40552201867103577
lt_ETTm1_336_96DLinear_DLinear_ETTm1_ftM_sl336_ll168_pl96_dm512_nh8_el2_dl1_df2048_fc3_ebtimeF_dtTrue_Exp_tn1_stl0.0001-0.0001_um1_0,0.29546940326690674,0.3447836935520172
lt_ETTm1_336_192DLinear_DLinear_ETTm1_ftM_sl336_ll168_pl192_dm512_nh8_el2_dl1_df2048_fc3_ebtimeF_dtTrue_Exp_tn1_stl0.0001-0.0001_um1_0,0.3344801962375641,0.3665139973163605
lt_ETTm1_336_336DLinear_DLinear_ETTm1_ftM_sl336_ll168_pl336_dm512_nh8_el2_dl1_df2048_fc3_ebtimeF_dtTrue_Exp_tn1_stl0.0001-0.0001_um1_0,0.36997464299201965,0.3862127363681793
lt_ETTm1_336_720DLinear_DLinear_ETTm1_ftM_sl336_ll168_pl720_dm512_nh8_el2_dl1_df2048_fc3_ebtimeF_dtTrue_Exp_tn1_stl0.0001-0.0001_um1_0,0.4257405400276184,0.41665276885032654
lt_ETTm2_336_96DLinear_DLinear_ETTm2_ftM_sl336_ll168_pl96_dm512_nh8_el2_dl1_df2048_fc3_ebtimeF_dtTrue_Exp_tn1_stl0.0001-0.0001_um1_0,0.1662026196718216,0.2563856840133667
lt_ETTm2_336_192DLinear_DLinear_ETTm2_ftM_sl336_ll168_pl192_dm512_nh8_el2_dl1_df2048_fc3_ebtimeF_dtTrue_Exp_tn1_stl0.0001-0.0001_um1_0,0.2214234620332718,0.29335471987724304
lt_ETTm2_336_336DLinear_DLinear_ETTm2_ftM_sl336_ll168_pl336_dm512_nh8_el2_dl1_df2048_fc3_ebtimeF_dtTrue_Exp_tn1_stl0.0001-0.0001_um1_0,0.2715241312980652,0.326522558927536
lt_ETTm2_336_720DLinear_DLinear_ETTm2_ftM_sl336_ll168_pl720_dm512_nh8_el2_dl1_df2048_fc3_ebtimeF_dtTrue_Exp_tn1_stl0.0001-0.0001_um1_0,0.35891804099082947,0.3819678723812103
lt_ETTh1_336_96DLinear_DLinear_ETTh1_ftM_sl336_ll168_pl96_dm512_nh8_el2_dl1_df2048_fc3_ebtimeF_dtTrue_Exp_tn1_stl0.0001-5e-05_um1_0,0.38214677572250366,0.40370556712150574
lt_ETTh1_336_96DLinear_DLinear_ETTh1_ftM_sl336_ll168_pl96_dm512_nh8_el2_dl1_df2048_fc3_ebtimeF_dtTrue_Exp_tn1_stl0.0001-5e-05_um1_1,0.38154831528663635,0.4029470384120941
lt_ETTh1_336_192DLinear_DLinear_ETTh1_ftM_sl336_ll168_pl192_dm512_nh8_el2_dl1_df2048_fc3_ebtimeF_dtTrue_Exp_tn1_stl0.0001-5e-05_um1_0,0.4138386845588684,0.42221519351005554
lt_ETTh1_336_192DLinear_DLinear_ETTh1_ftM_sl336_ll168_pl192_dm512_nh8_el2_dl1_df2048_fc3_ebtimeF_dtTrue_Exp_tn1_stl0.0001-5e-05_um1_1,0.41358518600463867,0.4221746623516083
lt_ETTh1_336_336DLinear_DLinear_ETTh1_ftM_sl336_ll168_pl336_dm512_nh8_el2_dl1_df2048_fc3_ebtimeF_dtTrue_Exp_tn1_stl0.0001-5e-05_um1_0,0.4316793382167816,0.4340619146823883
lt_ETTh1_336_336DLinear_DLinear_ETTh1_ftM_sl336_ll168_pl336_dm512_nh8_el2_dl1_df2048_fc3_ebtimeF_dtTrue_Exp_tn1_stl0.0001-5e-05_um1_1,0.43142056465148926,0.4337528347969055
lt_ETTh2_336_96DLinear_DLinear_ETTh2_ftM_sl336_ll168_pl96_dm512_nh8_el2_dl1_df2048_fc3_ebtimeF_dtTrue_Exp_tn1_stl0.0001-5e-05_um1_0,0.28003087639808655,0.34030529856681824
lt_ETTh2_336_192DLinear_DLinear_ETTh2_ftM_sl336_ll168_pl192_dm512_nh8_el2_dl1_df2048_fc3_ebtimeF_dtTrue_Exp_tn1_stl0.0001-5e-05_um1_0,0.3403894007205963,0.38140225410461426
lt_ETTh2_336_336DLinear_DLinear_ETTh2_ftM_sl336_ll168_pl336_dm512_nh8_el2_dl1_df2048_fc3_ebtimeF_dtTrue_Exp_tn1_stl0.0001-5e-05_um1_0,0.3648487627506256,0.40470388531684875
lt_ETTh2_336_720DLinear_DLinear_ETTh2_ftM_sl336_ll168_pl720_dm512_nh8_el2_dl1_df2048_fc3_ebtimeF_dtTrue_Exp_tn1_stl0.0001-5e-05_um1_0,0.4084153175354004,0.44169938564300537
lt_ETTm1_336_96DLinear_DLinear_ETTm1_ftM_sl336_ll168_pl96_dm512_nh8_el2_dl1_df2048_fc3_ebtimeF_dtTrue_Exp_tn1_stl0.0001-5e-05_um1_0,0.29624155163764954,0.344647616147995
lt_ETTm1_336_192DLinear_DLinear_ETTm1_ftM_sl336_ll168_pl192_dm512_nh8_el2_dl1_df2048_fc3_ebtimeF_dtTrue_Exp_tn1_stl0.0001-5e-05_um1_0,0.3352481722831726,0.3665163815021515
lt_ETTm1_336_336DLinear_DLinear_ETTm1_ftM_sl336_ll168_pl336_dm512_nh8_el2_dl1_df2048_fc3_ebtimeF_dtTrue_Exp_tn1_stl0.0001-5e-05_um1_0,0.3702867925167084,0.38587260246276855
lt_ETTm1_336_720DLinear_DLinear_ETTm1_ftM_sl336_ll168_pl720_dm512_nh8_el2_dl1_df2048_fc3_ebtimeF_dtTrue_Exp_tn1_stl0.0001-5e-05_um1_0,0.42645367980003357,0.416780561208725
lt_ETTm2_336_96DLinear_DLinear_ETTm2_ftM_sl336_ll168_pl96_dm512_nh8_el2_dl1_df2048_fc3_ebtimeF_dtTrue_Exp_tn1_stl0.0001-5e-05_um1_0,0.16543878614902496,0.25617507100105286
lt_ETTm2_336_192DLinear_DLinear_ETTm2_ftM_sl336_ll168_pl192_dm512_nh8_el2_dl1_df2048_fc3_ebtimeF_dtTrue_Exp_tn1_stl0.0001-5e-05_um1_0,0.21989145874977112,0.29253408312797546
lt_ETTm2_336_336DLinear_DLinear_ETTm2_ftM_sl336_ll168_pl336_dm512_nh8_el2_dl1_df2048_fc3_ebtimeF_dtTrue_Exp_tn1_stl0.0001-5e-05_um1_0,0.27112457156181335,0.325983464717865
lt_ETTm2_336_720DLinear_DLinear_ETTm2_ftM_sl336_ll168_pl720_dm512_nh8_el2_dl1_df2048_fc3_ebtimeF_dtTrue_Exp_tn1_stl0.0001-5e-05_um1_0,0.36050450801849365,0.3817123770713806
lt_ETTh1_336_96DLinear_DLinear_ETTh1_ftM_sl336_ll168_pl96_dm512_nh8_el2_dl1_df2048_fc3_ebtimeF_dtTrue_Exp_tn1_stl5e-05-0.0005_um1_0,0.38327115774154663,0.4045145511627197
lt_ETTh1_336_96DLinear_DLinear_ETTh1_ftM_sl336_ll168_pl96_dm512_nh8_el2_dl1_df2048_fc3_ebtimeF_dtTrue_Exp_tn1_stl5e-05-0.0005_um1_1,0.38539794087409973,0.4068906009197235
lt_ETTh2_336_96DLinear_DLinear_ETTh2_ftM_sl336_ll168_pl96_dm512_nh8_el2_dl1_df2048_fc3_ebtimeF_dtTrue_Exp_tn1_stl5e-05-0.0005_um1_0,0.2857345938682556,0.34497717022895813
lt_ETTh2_336_192DLinear_DLinear_ETTh2_ftM_sl336_ll168_pl192_dm512_nh8_el2_dl1_df2048_fc3_ebtimeF_dtTrue_Exp_tn1_stl5e-05-0.0005_um1_0,0.34295564889907837,0.3828616142272949
lt_ETTh2_336_336DLinear_DLinear_ETTh2_ftM_sl336_ll168_pl336_dm512_nh8_el2_dl1_df2048_fc3_ebtimeF_dtTrue_Exp_tn1_stl5e-05-0.0005_um1_0,0.36842110753059387,0.40650680661201477
lt_ETTm1_336_96DLinear_DLinear_ETTm1_ftM_sl336_ll168_pl96_dm512_nh8_el2_dl1_df2048_fc3_ebtimeF_dtTrue_Exp_tn1_stl5e-05-0.0005_um1_0,0.2921954393386841,0.3446153998374939
lt_ETTm1_336_192DLinear_DLinear_ETTm1_ftM_sl336_ll168_pl192_dm512_nh8_el2_dl1_df2048_fc3_ebtimeF_dtTrue_Exp_tn1_stl5e-05-0.0005_um1_0,0.3307953476905823,0.365829199552536
lt_ETTm1_336_336DLinear_DLinear_ETTm1_ftM_sl336_ll168_pl336_dm512_nh8_el2_dl1_df2048_fc3_ebtimeF_dtTrue_Exp_tn1_stl5e-05-0.0005_um1_0,0.366359680891037,0.3852596879005432
lt_ETTm1_336_720DLinear_DLinear_ETTm1_ftM_sl336_ll168_pl720_dm512_nh8_el2_dl1_df2048_fc3_ebtimeF_dtTrue_Exp_tn1_stl5e-05-0.0005_um1_0,0.4238985776901245,0.41613277792930603
lt_ETTm2_336_96DLinear_DLinear_ETTm2_ftM_sl336_ll168_pl96_dm512_nh8_el2_dl1_df2048_fc3_ebtimeF_dtTrue_Exp_tn1_stl5e-05-0.0005_um1_0,0.1712435781955719,0.2596542537212372
lt_ETTm2_336_192DLinear_DLinear_ETTm2_ftM_sl336_ll168_pl192_dm512_nh8_el2_dl1_df2048_fc3_ebtimeF_dtTrue_Exp_tn1_stl5e-05-0.0005_um1_0,0.2236129343509674,0.2946240305900574
lt_ETTm2_336_336DLinear_DLinear_ETTm2_ftM_sl336_ll168_pl336_dm512_nh8_el2_dl1_df2048_fc3_ebtimeF_dtTrue_Exp_tn1_stl5e-05-0.0005_um1_0,0.2722455859184265,0.32727402448654175
lt_ETTm2_336_720DLinear_DLinear_ETTm2_ftM_sl336_ll168_pl720_dm512_nh8_el2_dl1_df2048_fc3_ebtimeF_dtTrue_Exp_tn1_stl5e-05-0.0005_um1_0,0.3612237870693207,0.38343584537506104
lt_ETTh1_336_96DLinear_DLinear_ETTh1_ftM_sl336_ll168_pl96_dm512_nh8_el2_dl1_df2048_fc3_ebtimeF_dtTrue_Exp_tn1_stl5e-05-0.0001_um1_0,0.3825432062149048,0.40398135781288147
lt_ETTh1_336_96DLinear_DLinear_ETTh1_ftM_sl336_ll168_pl96_dm512_nh8_el2_dl1_df2048_fc3_ebtimeF_dtTrue_Exp_tn1_stl5e-05-0.0001_um1_1,0.3820936381816864,0.4034077823162079
lt_ETTh1_336_192DLinear_DLinear_ETTh1_ftM_sl336_ll168_pl192_dm512_nh8_el2_dl1_df2048_fc3_ebtimeF_dtTrue_Exp_tn1_stl5e-05-0.0001_um1_0,0.4140533208847046,0.42230623960494995
lt_ETTh1_336_192DLinear_DLinear_ETTh1_ftM_sl336_ll168_pl192_dm512_nh8_el2_dl1_df2048_fc3_ebtimeF_dtTrue_Exp_tn1_stl5e-05-0.0001_um1_1,0.4138145446777344,0.4222564995288849
lt_ETTh1_336_336DLinear_DLinear_ETTh1_ftM_sl336_ll168_pl336_dm512_nh8_el2_dl1_df2048_fc3_ebtimeF_dtTrue_Exp_tn1_stl5e-05-0.0001_um1_0,0.4326397478580475,0.43471407890319824
lt_ETTh1_336_336DLinear_DLinear_ETTh1_ftM_sl336_ll168_pl336_dm512_nh8_el2_dl1_df2048_fc3_ebtimeF_dtTrue_Exp_tn1_stl5e-05-0.0001_um1_1,0.4324808716773987,0.43457189202308655
lt_ETTh2_336_96DLinear_DLinear_ETTh2_ftM_sl336_ll168_pl96_dm512_nh8_el2_dl1_df2048_fc3_ebtimeF_dtTrue_Exp_tn1_stl5e-05-0.0001_um1_0,0.27985578775405884,0.34006622433662415
lt_ETTh2_336_192DLinear_DLinear_ETTh2_ftM_sl336_ll168_pl192_dm512_nh8_el2_dl1_df2048_fc3_ebtimeF_dtTrue_Exp_tn1_stl5e-05-0.0001_um1_0,0.34073030948638916,0.3811214566230774
lt_ETTh2_336_336DLinear_DLinear_ETTh2_ftM_sl336_ll168_pl336_dm512_nh8_el2_dl1_df2048_fc3_ebtimeF_dtTrue_Exp_tn1_stl5e-05-0.0001_um1_0,0.3656921982765198,0.40467631816864014
lt_ETTm1_336_96DLinear_DLinear_ETTm1_ftM_sl336_ll168_pl96_dm512_nh8_el2_dl1_df2048_fc3_ebtimeF_dtTrue_Exp_tn1_stl5e-05-0.0001_um1_0,0.29585421085357666,0.34493574500083923
lt_ETTm1_336_192DLinear_DLinear_ETTm1_ftM_sl336_ll168_pl192_dm512_nh8_el2_dl1_df2048_fc3_ebtimeF_dtTrue_Exp_tn1_stl5e-05-0.0001_um1_0,0.3347680866718292,0.36649349331855774
lt_ETTm1_336_336DLinear_DLinear_ETTm1_ftM_sl336_ll168_pl336_dm512_nh8_el2_dl1_df2048_fc3_ebtimeF_dtTrue_Exp_tn1_stl5e-05-0.0001_um1_0,0.3704005181789398,0.3862229585647583
lt_ETTm1_336_720DLinear_DLinear_ETTm1_ftM_sl336_ll168_pl720_dm512_nh8_el2_dl1_df2048_fc3_ebtimeF_dtTrue_Exp_tn1_stl5e-05-0.0001_um1_0,0.42746129631996155,0.41705092787742615
lt_ETTm2_336_96DLinear_DLinear_ETTm2_ftM_sl336_ll168_pl96_dm512_nh8_el2_dl1_df2048_fc3_ebtimeF_dtTrue_Exp_tn1_stl5e-05-0.0001_um1_0,0.16598300635814667,0.25623923540115356
lt_ETTm2_336_192DLinear_DLinear_ETTm2_ftM_sl336_ll168_pl192_dm512_nh8_el2_dl1_df2048_fc3_ebtimeF_dtTrue_Exp_tn1_stl5e-05-0.0001_um1_0,0.2208707183599472,0.2929990291595459
lt_ETTm2_336_336DLinear_DLinear_ETTm2_ftM_sl336_ll168_pl336_dm512_nh8_el2_dl1_df2048_fc3_ebtimeF_dtTrue_Exp_tn1_stl5e-05-0.0001_um1_0,0.2714148759841919,0.32637864351272583
lt_ETTm2_336_720DLinear_DLinear_ETTm2_ftM_sl336_ll168_pl720_dm512_nh8_el2_dl1_df2048_fc3_ebtimeF_dtTrue_Exp_tn1_stl5e-05-0.0001_um1_0,0.3593332767486572,0.3816312551498413
lt_ETTh1_336_96DLinear_DLinear_ETTh1_ftM_sl336_ll168_pl96_dm512_nh8_el2_dl1_df2048_fc3_ebtimeF_dtTrue_Exp_tn1_stl5e-05-5e-05_um1_0,0.3819810152053833,0.4034375250339508
lt_ETTh1_336_96DLinear_DLinear_ETTh1_ftM_sl336_ll168_pl96_dm512_nh8_el2_dl1_df2048_fc3_ebtimeF_dtTrue_Exp_tn1_stl5e-05-5e-05_um1_1,0.381389319896698,0.4026660621166229
lt_ETTh1_336_192DLinear_DLinear_ETTh1_ftM_sl336_ll168_pl192_dm512_nh8_el2_dl1_df2048_fc3_ebtimeF_dtTrue_Exp_tn1_stl5e-05-5e-05_um1_0,0.4137813150882721,0.42202940583229065
lt_ETTh1_336_192DLinear_DLinear_ETTh1_ftM_sl336_ll168_pl192_dm512_nh8_el2_dl1_df2048_fc3_ebtimeF_dtTrue_Exp_tn1_stl5e-05-5e-05_um1_1,0.4134553074836731,0.42182183265686035
lt_ETTh1_336_336DLinear_DLinear_ETTh1_ftM_sl336_ll168_pl336_dm512_nh8_el2_dl1_df2048_fc3_ebtimeF_dtTrue_Exp_tn1_stl5e-05-5e-05_um1_0,0.4315418601036072,0.43396303057670593
lt_ETTh1_336_336DLinear_DLinear_ETTh1_ftM_sl336_ll168_pl336_dm512_nh8_el2_dl1_df2048_fc3_ebtimeF_dtTrue_Exp_tn1_stl5e-05-5e-05_um1_1,0.4314247965812683,0.43369242548942566
lt_ETTh2_336_96DLinear_DLinear_ETTh2_ftM_sl336_ll168_pl96_dm512_nh8_el2_dl1_df2048_fc3_ebtimeF_dtTrue_Exp_tn1_stl5e-05-5e-05_um1_0,0.2808067202568054,0.3414958715438843
lt_ETTh2_336_192DLinear_DLinear_ETTh2_ftM_sl336_ll168_pl192_dm512_nh8_el2_dl1_df2048_fc3_ebtimeF_dtTrue_Exp_tn1_stl5e-05-5e-05_um1_0,0.3408701717853546,0.3820807933807373
lt_ETTh2_336_336DLinear_DLinear_ETTh2_ftM_sl336_ll168_pl336_dm512_nh8_el2_dl1_df2048_fc3_ebtimeF_dtTrue_Exp_tn1_stl5e-05-5e-05_um1_0,0.3631323277950287,0.40404605865478516
lt_ETTh2_336_720DLinear_DLinear_ETTh2_ftM_sl336_ll168_pl720_dm512_nh8_el2_dl1_df2048_fc3_ebtimeF_dtTrue_Exp_tn1_stl5e-05-5e-05_um1_0,0.4047640562057495,0.43957942724227905
lt_ETTm1_336_96DLinear_DLinear_ETTm1_ftM_sl336_ll168_pl96_dm512_nh8_el2_dl1_df2048_fc3_ebtimeF_dtTrue_Exp_tn1_stl5e-05-5e-05_um1_0,0.2970227599143982,0.34505897760391235
lt_ETTm1_336_192DLinear_DLinear_ETTm1_ftM_sl336_ll168_pl192_dm512_nh8_el2_dl1_df2048_fc3_ebtimeF_dtTrue_Exp_tn1_stl5e-05-5e-05_um1_0,0.3357124626636505,0.3666113317012787
lt_ETTm1_336_336DLinear_DLinear_ETTm1_ftM_sl336_ll168_pl336_dm512_nh8_el2_dl1_df2048_fc3_ebtimeF_dtTrue_Exp_tn1_stl5e-05-5e-05_um1_0,0.3708515763282776,0.38601234555244446
lt_ETTm1_336_720DLinear_DLinear_ETTm1_ftM_sl336_ll168_pl720_dm512_nh8_el2_dl1_df2048_fc3_ebtimeF_dtTrue_Exp_tn1_stl5e-05-5e-05_um1_0,0.4273533225059509,0.4171549379825592
lt_ETTm2_336_96DLinear_DLinear_ETTm2_ftM_sl336_ll168_pl96_dm512_nh8_el2_dl1_df2048_fc3_ebtimeF_dtTrue_Exp_tn1_stl5e-05-5e-05_um1_0,0.16530102491378784,0.25611039996147156
lt_ETTm2_336_192DLinear_DLinear_ETTm2_ftM_sl336_ll168_pl192_dm512_nh8_el2_dl1_df2048_fc3_ebtimeF_dtTrue_Exp_tn1_stl5e-05-5e-05_um1_0,0.2195677012205124,0.2923141121864319
lt_ETTm2_336_336DLinear_DLinear_ETTm2_ftM_sl336_ll168_pl336_dm512_nh8_el2_dl1_df2048_fc3_ebtimeF_dtTrue_Exp_tn1_stl5e-05-5e-05_um1_0,0.2712547481060028,0.32606959342956543
lt_ETTm2_336_720DLinear_DLinear_ETTm2_ftM_sl336_ll168_pl720_dm512_nh8_el2_dl1_df2048_fc3_ebtimeF_dtTrue_Exp_tn1_stl5e-05-5e-05_um1_0,0.3614875078201294,0.38201016187667847
lt_ETTh1_336_96DLinear_DLinear_ETTh1_ftM_sl336_ll168_pl96_dm512_nh8_el2_dl1_df2048_fc3_ebtimeF_dtTrue_Exp_tn1_stl0.0005-0.0005_um1_0,0.3702544867992401,0.39197778701782227
lt_ETTh1_336_96DLinear_DLinear_ETTh1_ftM_sl336_ll168_pl96_dm512_nh8_el2_dl1_df2048_fc3_ebtimeF_dtTrue_Exp_tn1_stl0.0005-0.0005_um1_0,0.3702545166015625,0.39197778701782227
lt_ETTh2_336_96DLinear_DLinear_ETTh2_ftM_sl336_ll168_pl96_dm512_nh8_el2_dl1_df2048_fc3_ebtimeF_dtTrue_Exp_tn1_stl0.0005-0.0005_um1_0,0.28629904985427856,0.345547616481781
lt_ETTh2_336_192DLinear_DLinear_ETTh2_ftM_sl336_ll168_pl192_dm512_nh8_el2_dl1_df2048_fc3_ebtimeF_dtTrue_Exp_tn1_stl0.0005-0.0005_um1_0,0.3445965647697449,0.3853749930858612
lt_ETTh2_336_336DLinear_DLinear_ETTh2_ftM_sl336_ll168_pl336_dm512_nh8_el2_dl1_df2048_fc3_ebtimeF_dtTrue_Exp_tn1_stl0.0005-0.0005_um1_0,0.37657567858695984,0.41487446427345276
lt_ETTm1_336_96DLinear_DLinear_ETTm1_ftM_sl336_ll168_pl96_dm512_nh8_el2_dl1_df2048_fc3_ebtimeF_dtTrue_Exp_tn1_stl0.0005-0.0005_um1_0,0.289903461933136,0.3430194854736328
lt_ETTm1_336_192DLinear_DLinear_ETTm1_ftM_sl336_ll168_pl192_dm512_nh8_el2_dl1_df2048_fc3_ebtimeF_dtTrue_Exp_tn1_stl0.0005-0.0005_um1_0,0.32812005281448364,0.36439433693885803
lt_ETTh1_336_96DLinear_DLinear_ETTh1_ftM_sl336_ll168_pl96_dm512_nh8_el2_dl1_df2048_fc3_ebtimeF_dtTrue_Exp_tn1_stl0.0005-0.0005_um1_0,0.37349560856819153,0.3942038118839264
lt_ETTh1_336_96DLinear_DLinear_ETTh1_ftM_sl336_ll168_pl96_dm512_nh8_el2_dl1_df2048_fc3_ebtimeF_dtTrue_Exp_tn1_stl0.0005-0.0005_um1_0,0.3702544867992401,0.39197778701782227
lt_ETTh2_336_96DLinear_DLinear_ETTh2_ftM_sl336_ll168_pl96_dm512_nh8_el2_dl1_df2048_fc3_ebtimeF_dtTrue_Exp_tn1_stl0.0005-0.0005_um1_0,0.2863011360168457,0.3455413281917572
lt_ETTh2_336_192DLinear_DLinear_ETTh2_ftM_sl336_ll168_pl192_dm512_nh8_el2_dl1_df2048_fc3_ebtimeF_dtTrue_Exp_tn1_stl0.0005-0.0005_um1_0,0.3445802330970764,0.385366827249527
lt_ETTh2_336_336DLinear_DLinear_ETTh2_ftM_sl336_ll168_pl336_dm512_nh8_el2_dl1_df2048_fc3_ebtimeF_dtTrue_Exp_tn1_stl0.0005-0.0005_um1_0,0.37657567858695984,0.41487446427345276
lt_ETTm1_336_96DLinear_DLinear_ETTm1_ftM_sl336_ll168_pl96_dm512_nh8_el2_dl1_df2048_fc3_ebtimeF_dtTrue_Exp_tn1_stl0.0005-0.0005_um1_0,0.2898991107940674,0.3430103063583374
lt_ETTm1_336_192DLinear_DLinear_ETTm1_ftM_sl336_ll168_pl192_dm512_nh8_el2_dl1_df2048_fc3_ebtimeF_dtTrue_Exp_tn1_stl0.0005-0.0005_um1_0,0.3281053602695465,0.3643886148929596
lt_ETTm1_336_336DLinear_DLinear_ETTm1_ftM_sl336_ll168_pl336_dm512_nh8_el2_dl1_df2048_fc3_ebtimeF_dtTrue_Exp_tn1_stl0.0005-0.0005_um1_0,0.36645761132240295,0.3870299458503723
lt_ETTm1_336_720DLinear_DLinear_ETTm1_ftM_sl336_ll168_pl720_dm512_nh8_el2_dl1_df2048_fc3_ebtimeF_dtTrue_Exp_tn1_stl0.0005-0.0005_um1_0,0.42014873027801514,0.4161762297153473
lt_ETTm2_336_96DLinear_DLinear_ETTm2_ftM_sl336_ll168_pl96_dm512_nh8_el2_dl1_df2048_fc3_ebtimeF_dtTrue_Exp_tn1_stl0.0005-0.0005_um1_0,0.17275720834732056,0.2589426338672638
lt_ETTm2_336_336DLinear_DLinear_ETTm2_ftM_sl336_ll168_pl336_dm512_nh8_el2_dl1_df2048_fc3_ebtimeF_dtTrue_Exp_tn1_stl0.0005-0.0005_um1_0,0.2791825532913208,0.3325667083263397
lt_ETTm2_336_720DLinear_DLinear_ETTm2_ftM_sl336_ll168_pl720_dm512_nh8_el2_dl1_df2048_fc3_ebtimeF_dtTrue_Exp_tn1_stl0.0005-0.0005_um1_0,0.3647743761539459,0.3876301050186157
lt_ETTm1_336_96DLinear_DLinear_ETTm1_ftM_sl336_ll168_pl96_dm512_nh8_el2_dl1_df2048_fc3_ebtimeF_dtTrue_Exp_tn1_stl0.0005-0.0005_um1_0,0.2886030673980713,0.34120380878448486
lt_ETTm1_336_192DLinear_DLinear_ETTm1_ftM_sl336_ll168_pl192_dm512_nh8_el2_dl1_df2048_fc3_ebtimeF_dtTrue_Exp_tn1_stl0.0005-0.0005_um1_0,0.3253993093967438,0.36314183473587036
lt_ETTm1_336_336DLinear_DLinear_ETTm1_ftM_sl336_ll168_pl336_dm512_nh8_el2_dl1_df2048_fc3_ebtimeF_dtTrue_Exp_tn1_stl0.0005-0.0005_um1_0,0.36140018701553345,0.384062260389328
lt_ETTm1_336_720DLinear_DLinear_ETTm1_ftM_sl336_ll168_pl720_dm512_nh8_el2_dl1_df2048_fc3_ebtimeF_dtTrue_Exp_tn1_stl0.0005-0.0005_um1_0,0.41905033588409424,0.41649195551872253
lt_ETTm2_336_96DLinear_DLinear_ETTm2_ftM_sl336_ll168_pl96_dm512_nh8_el2_dl1_df2048_fc3_ebtimeF_dtTrue_Exp_tn1_stl0.0005-0.0005_um1_0,0.17400245368480682,0.2591726779937744
lt_ETTm2_336_192DLinear_DLinear_ETTm2_ftM_sl336_ll168_pl192_dm512_nh8_el2_dl1_df2048_fc3_ebtimeF_dtTrue_Exp_tn1_stl0.0005-0.0005_um1_0,0.22975677251815796,0.297153502702713
lt_ETTh2_336_192DLinear_DLinear_ETTh2_ftM_sl336_ll168_pl192_dm512_nh8_el2_dl1_df2048_fc3_ebtimeF_dtTrue_Exp_tn1_stl0.0005-0.0005_um1_0,0.35037127137184143,0.39212310314178467
lt_ETTm1_336_192DLinear_DLinear_ETTm1_ftM_sl336_ll168_pl192_dm512_nh8_el2_dl1_df2048_fc3_ebtimeF_dtTrue_Exp_tn1_stl0.0005-0.0005_um1_0,0.3242129981517792,0.36252710223197937
lt_ETTm1_336_336DLinear_DLinear_ETTm1_ftM_sl336_ll168_pl336_dm512_nh8_el2_dl1_df2048_fc3_ebtimeF_dtTrue_Exp_tn1_stl0.0005-0.0005_um1_0,0.3603741228580475,0.3847590982913971
lt_ETTm2_336_96DLinear_DLinear_ETTm2_ftM_sl336_ll168_pl96_dm512_nh8_el2_dl1_df2048_fc3_ebtimeF_dtTrue_Exp_tn1_stl0.0005-0.0005_um1_0,0.17470623552799225,0.2597169876098633
lt_ETTm2_336_192DLinear_DLinear_ETTm2_ftM_sl336_ll168_pl192_dm512_nh8_el2_dl1_df2048_fc3_ebtimeF_dtTrue_Exp_tn1_stl0.0005-0.0005_um1_0,0.23538868129253387,0.30048906803131104
lt_ETTh1_336_96DLinear_DLinear_ETTh1_ftM_sl336_ll168_pl96_dm512_nh8_el2_dl1_df2048_fc3_ebtimeF_dtTrue_Exp_tn1_stl0.0005-0.0001_um1_0,0.3703431189060211,0.3919867277145386
lt_ETTh2_336_96DLinear_DLinear_ETTh2_ftM_sl336_ll168_pl96_dm512_nh8_el2_dl1_df2048_fc3_ebtimeF_dtTrue_Exp_tn1_stl0.0005-0.0001_um1_0,0.28152498602867126,0.34046608209609985
lt_ETTh2_336_192DLinear_DLinear_ETTh2_ftM_sl336_ll168_pl192_dm512_nh8_el2_dl1_df2048_fc3_ebtimeF_dtTrue_Exp_tn1_stl0.0005-0.0001_um1_0,0.3433930575847626,0.3839160203933716
lt_ETTh2_336_336DLinear_DLinear_ETTh2_ftM_sl336_ll168_pl336_dm512_nh8_el2_dl1_df2048_fc3_ebtimeF_dtTrue_Exp_tn1_stl0.0005-0.0001_um1_0,0.37439391016960144,0.41320571303367615
lt_ETTm1_336_96DLinear_DLinear_ETTm1_ftM_sl336_ll168_pl96_dm512_nh8_el2_dl1_df2048_fc3_ebtimeF_dtTrue_Exp_tn1_stl0.0005-0.0001_um1_0,0.2926029562950134,0.3437960147857666
lt_ETTm1_336_192DLinear_DLinear_ETTm1_ftM_sl336_ll168_pl192_dm512_nh8_el2_dl1_df2048_fc3_ebtimeF_dtTrue_Exp_tn1_stl0.0005-0.0001_um1_0,0.33115002512931824,0.3658412992954254
lt_ETTm1_336_336DLinear_DLinear_ETTm1_ftM_sl336_ll168_pl336_dm512_nh8_el2_dl1_df2048_fc3_ebtimeF_dtTrue_Exp_tn1_stl0.0005-0.0001_um1_0,0.3660432994365692,0.3861801028251648
lt_ETTm1_336_720DLinear_DLinear_ETTm1_ftM_sl336_ll168_pl720_dm512_nh8_el2_dl1_df2048_fc3_ebtimeF_dtTrue_Exp_tn1_stl0.0005-0.0001_um1_0,0.42326217889785767,0.4174562096595764
lt_ETTm2_336_96DLinear_DLinear_ETTm2_ftM_sl336_ll168_pl96_dm512_nh8_el2_dl1_df2048_fc3_ebtimeF_dtTrue_Exp_tn1_stl0.0005-0.0001_um1_0,0.16927005350589752,0.2576497197151184
lt_ETTm2_336_336DLinear_DLinear_ETTm2_ftM_sl336_ll168_pl336_dm512_nh8_el2_dl1_df2048_fc3_ebtimeF_dtTrue_Exp_tn1_stl0.0005-0.0001_um1_0,0.27812692523002625,0.33134767413139343
lt_ETTh1_336_96DLinear_DLinear_ETTh1_ftM_sl336_ll168_pl96_dm512_nh8_el2_dl1_df2048_fc3_ebtimeF_dtTrue_Exp_tn1_stl0.0005-0.0001_um1_0,0.37014690041542053,0.3917718827724457
lt_ETTm1_336_96DLinear_DLinear_ETTm1_ftM_sl336_ll168_pl96_dm512_nh8_el2_dl1_df2048_fc3_ebtimeF_dtTrue_Exp_tn1_stl0.0005-0.0001_um1_0,0.29021090269088745,0.34269189834594727
lt_ETTm1_336_192DLinear_DLinear_ETTm1_ftM_sl336_ll168_pl192_dm512_nh8_el2_dl1_df2048_fc3_ebtimeF_dtTrue_Exp_tn1_stl0.0005-0.0001_um1_0,0.3283146917819977,0.3646126687526703
lt_ETTm1_336_336DLinear_DLinear_ETTm1_ftM_sl336_ll168_pl336_dm512_nh8_el2_dl1_df2048_fc3_ebtimeF_dtTrue_Exp_tn1_stl0.0005-0.0001_um1_0,0.36426466703414917,0.38540369272232056
lt_ETTh1_336_96DLinear_DLinear_ETTh1_ftM_sl336_ll168_pl96_dm512_nh8_el2_dl1_df2048_fc3_ebtimeF_dtTrue_Exp_tn1_stl0.0005-0.0005_um1_0,0.37383854389190674,0.3940226137638092
lt_ETTh1_336_192DLinear_DLinear_ETTh1_ftM_sl336_ll168_pl192_dm512_nh8_el2_dl1_df2048_fc3_ebtimeF_dtTrue_Exp_tn1_stl0.0005-0.0005_um1_0,0.4062432646751404,0.4140150845050812
lt_ETTh1_336_336DLinear_DLinear_ETTh1_ftM_sl336_ll168_pl336_dm512_nh8_el2_dl1_df2048_fc3_ebtimeF_dtTrue_Exp_tn1_stl0.0005-0.0005_um1_0,0.4295939803123474,0.42850935459136963
lt_ETTh1_336_720DLinear_DLinear_ETTh1_ftM_sl336_ll168_pl720_dm512_nh8_el2_dl1_df2048_fc3_ebtimeF_dtTrue_Exp_tn1_stl0.0005-0.0005_um1_0,0.4540214240550995,0.46532773971557617
lt_ETTh2_336_96DLinear_DLinear_ETTh2_ftM_sl336_ll168_pl96_dm512_nh8_el2_dl1_df2048_fc3_ebtimeF_dtTrue_Exp_tn1_stl0.0005-0.0005_um1_0,0.2857213616371155,0.3453274071216583
lt_ETTh2_336_192DLinear_DLinear_ETTh2_ftM_sl336_ll168_pl192_dm512_nh8_el2_dl1_df2048_fc3_ebtimeF_dtTrue_Exp_tn1_stl0.0005-0.0005_um1_0,0.3457498550415039,0.38494759798049927
lt_ETTh2_336_336DLinear_DLinear_ETTh2_ftM_sl336_ll168_pl336_dm512_nh8_el2_dl1_df2048_fc3_ebtimeF_dtTrue_Exp_tn1_stl0.0005-0.0005_um1_0,0.37163078784942627,0.41244128346443176
lt_ETTh2_336_720DLinear_DLinear_ETTh2_ftM_sl336_ll168_pl720_dm512_nh8_el2_dl1_df2048_fc3_ebtimeF_dtTrue_Exp_tn1_stl0.0005-0.0005_um1_0,0.4101872742176056,0.43965330719947815
lt_ETTm1_336_96DLinear_DLinear_ETTm1_ftM_sl336_ll168_pl96_dm512_nh8_el2_dl1_df2048_fc3_ebtimeF_dtTrue_Exp_tn1_stl0.0005-0.0005_um1_0,0.2896307706832886,0.3429221510887146
lt_ETTm1_336_192DLinear_DLinear_ETTm1_ftM_sl336_ll168_pl192_dm512_nh8_el2_dl1_df2048_fc3_ebtimeF_dtTrue_Exp_tn1_stl0.0005-0.0005_um1_0,0.32787615060806274,0.36435994505882263
lt_ETTm1_336_336DLinear_DLinear_ETTm1_ftM_sl336_ll168_pl336_dm512_nh8_el2_dl1_df2048_fc3_ebtimeF_dtTrue_Exp_tn1_stl0.0005-0.0005_um1_0,0.36688897013664246,0.3869398832321167
lt_ETTm1_336_720DLinear_DLinear_ETTm1_ftM_sl336_ll168_pl720_dm512_nh8_el2_dl1_df2048_fc3_ebtimeF_dtTrue_Exp_tn1_stl0.0005-0.0005_um1_0,0.4256397485733032,0.41860365867614746
lt_ETTm2_336_96DLinear_DLinear_ETTm2_ftM_sl336_ll168_pl96_dm512_nh8_el2_dl1_df2048_fc3_ebtimeF_dtTrue_Exp_tn1_stl0.0005-0.0005_um1_0,0.1738359034061432,0.2623101770877838
lt_ETTm2_336_192DLinear_DLinear_ETTm2_ftM_sl336_ll168_pl192_dm512_nh8_el2_dl1_df2048_fc3_ebtimeF_dtTrue_Exp_tn1_stl0.0005-0.0005_um1_0,0.2241593450307846,0.295910507440567
lt_ETTm2_336_336DLinear_DLinear_ETTm2_ftM_sl336_ll168_pl336_dm512_nh8_el2_dl1_df2048_fc3_ebtimeF_dtTrue_Exp_tn1_stl0.0005-0.0005_um1_0,0.27417585253715515,0.3292834758758545
lt_ETTm2_336_720DLinear_DLinear_ETTm2_ftM_sl336_ll168_pl720_dm512_nh8_el2_dl1_df2048_fc3_ebtimeF_dtTrue_Exp_tn1_stl0.0005-0.0005_um1_0,0.36468642950057983,0.3870101273059845
lt_ETTh1_336_96DLinear_DLinear_ETTh1_ftM_sl336_ll168_pl96_dm512_nh8_el2_dl1_df2048_fc3_ebtimeF_dtTrue_Exp_tn1_stl0.0005-0.0005_um1_0,0.37021222710609436,0.39224639534950256
lt_ETTh1_336_192DLinear_DLinear_ETTh1_ftM_sl336_ll168_pl192_dm512_nh8_el2_dl1_df2048_fc3_ebtimeF_dtTrue_Exp_tn1_stl0.0005-0.0005_um1_0,0.4052996039390564,0.4134126305580139
lt_ETTh1_336_336DLinear_DLinear_ETTh1_ftM_sl336_ll168_pl336_dm512_nh8_el2_dl1_df2048_fc3_ebtimeF_dtTrue_Exp_tn1_stl0.0005-0.0005_um1_0,0.43030059337615967,0.4301837682723999
lt_ETTh1_336_720DLinear_DLinear_ETTh1_ftM_sl336_ll168_pl720_dm512_nh8_el2_dl1_df2048_fc3_ebtimeF_dtTrue_Exp_tn1_stl0.0005-0.0005_um1_0,0.4563901424407959,0.4660302400588989
lt_ETTh2_336_96DLinear_DLinear_ETTh2_ftM_sl336_ll168_pl96_dm512_nh8_el2_dl1_df2048_fc3_ebtimeF_dtTrue_Exp_tn1_stl0.0005-0.0005_um1_0,0.2786944508552551,0.34077030420303345
lt_ETTh2_336_192DLinear_DLinear_ETTh2_ftM_sl336_ll168_pl192_dm512_nh8_el2_dl1_df2048_fc3_ebtimeF_dtTrue_Exp_tn1_stl0.0005-0.0005_um1_0,0.34526392817497253,0.38554754853248596
lt_ETTh2_336_336DLinear_DLinear_ETTh2_ftM_sl336_ll168_pl336_dm512_nh8_el2_dl1_df2048_fc3_ebtimeF_dtTrue_Exp_tn1_stl0.0005-0.0005_um1_0,0.36423128843307495,0.40528151392936707
lt_ETTh2_336_720DLinear_DLinear_ETTh2_ftM_sl336_ll168_pl720_dm512_nh8_el2_dl1_df2048_fc3_ebtimeF_dtTrue_Exp_tn1_stl0.0005-0.0005_um1_0,0.4124201536178589,0.44041329622268677
lt_ETTm1_336_96DLinear_DLinear_ETTm1_ftM_sl336_ll168_pl96_dm512_nh8_el2_dl1_df2048_fc3_ebtimeF_dtTrue_Exp_tn1_stl0.0005-0.0005_um1_0,0.28869765996932983,0.34105804562568665
lt_ETTm1_336_192DLinear_DLinear_ETTm1_ftM_sl336_ll168_pl192_dm512_nh8_el2_dl1_df2048_fc3_ebtimeF_dtTrue_Exp_tn1_stl0.0005-0.0005_um1_0,0.32545652985572815,0.36308425664901733
lt_ETTm1_336_336DLinear_DLinear_ETTm1_ftM_sl336_ll168_pl336_dm512_nh8_el2_dl1_df2048_fc3_ebtimeF_dtTrue_Exp_tn1_stl0.0005-0.0005_um1_0,0.3611234128475189,0.3840804696083069
lt_ETTm1_336_720DLinear_DLinear_ETTm1_ftM_sl336_ll168_pl720_dm512_nh8_el2_dl1_df2048_fc3_ebtimeF_dtTrue_Exp_tn1_stl0.0005-0.0005_um1_0,0.41878247261047363,0.41649317741394043
lt_ETTm2_336_96DLinear_DLinear_ETTm2_ftM_sl336_ll168_pl96_dm512_nh8_el2_dl1_df2048_fc3_ebtimeF_dtTrue_Exp_tn1_stl0.0005-0.0005_um1_0,0.17448803782463074,0.259560763835907
lt_ETTm2_336_192DLinear_DLinear_ETTm2_ftM_sl336_ll168_pl192_dm512_nh8_el2_dl1_df2048_fc3_ebtimeF_dtTrue_Exp_tn1_stl0.0005-0.0005_um1_0,0.23071037232875824,0.2978350520133972
lt_ETTm2_336_336DLinear_DLinear_ETTm2_ftM_sl336_ll168_pl336_dm512_nh8_el2_dl1_df2048_fc3_ebtimeF_dtTrue_Exp_tn1_stl0.0005-0.0005_um1_0,0.280080109834671,0.3311029076576233
lt_ETTm2_336_720DLinear_DLinear_ETTm2_ftM_sl336_ll168_pl720_dm512_nh8_el2_dl1_df2048_fc3_ebtimeF_dtTrue_Exp_tn1_stl0.0005-0.0005_um1_0,0.36644217371940613,0.3872637450695038
lt_ETTh1_336_96DLinear_DLinear_ETTh1_ftM_sl336_ll168_pl96_dm512_nh8_el2_dl1_df2048_fc3_ebtimeF_dtTrue_Exp_tn1_stl0.0005-0.0005_um1_0,0.373424768447876,0.3943948745727539
lt_ETTh1_336_192DLinear_DLinear_ETTh1_ftM_sl336_ll168_pl192_dm512_nh8_el2_dl1_df2048_fc3_ebtimeF_dtTrue_Exp_tn1_stl0.0005-0.0005_um1_0,0.40632250905036926,0.4148968756198883
lt_ETTh1_336_336DLinear_DLinear_ETTh1_ftM_sl336_ll168_pl336_dm512_nh8_el2_dl1_df2048_fc3_ebtimeF_dtTrue_Exp_tn1_stl0.0005-0.0005_um1_0,0.4293833076953888,0.42917582392692566
lt_ETTh1_336_720DLinear_DLinear_ETTh1_ftM_sl336_ll168_pl720_dm512_nh8_el2_dl1_df2048_fc3_ebtimeF_dtTrue_Exp_tn1_stl0.0005-0.0005_um1_0,0.46038272976875305,0.46995851397514343
lt_ETTh2_336_96DLinear_DLinear_ETTh2_ftM_sl336_ll168_pl96_dm512_nh8_el2_dl1_df2048_fc3_ebtimeF_dtTrue_Exp_tn1_stl0.0005-0.0005_um1_0,0.28218886256217957,0.3427029848098755
lt_ETTh2_336_192DLinear_DLinear_ETTh2_ftM_sl336_ll168_pl192_dm512_nh8_el2_dl1_df2048_fc3_ebtimeF_dtTrue_Exp_tn1_stl0.0005-0.0005_um1_0,0.33904993534088135,0.38384920358657837
lt_ETTh2_336_336DLinear_DLinear_ETTh2_ftM_sl336_ll168_pl336_dm512_nh8_el2_dl1_df2048_fc3_ebtimeF_dtTrue_Exp_tn1_stl0.0005-0.0005_um1_0,0.36612534523010254,0.40720033645629883
lt_ETTh2_336_720DLinear_DLinear_ETTh2_ftM_sl336_ll168_pl720_dm512_nh8_el2_dl1_df2048_fc3_ebtimeF_dtTrue_Exp_tn1_stl0.0005-0.0005_um1_0,0.41625767946243286,0.4433993995189667
lt_ETTm1_336_96DLinear_DLinear_ETTm1_ftM_sl336_ll168_pl96_dm512_nh8_el2_dl1_df2048_fc3_ebtimeF_dtTrue_Exp_tn1_stl0.0005-0.0005_um1_0,0.28741005063056946,0.34084710478782654
lt_ETTm1_336_192DLinear_DLinear_ETTm1_ftM_sl336_ll168_pl192_dm512_nh8_el2_dl1_df2048_fc3_ebtimeF_dtTrue_Exp_tn1_stl0.0005-0.0005_um1_0,0.3237849771976471,0.3622331917285919
lt_ETTm1_336_336DLinear_DLinear_ETTm1_ftM_sl336_ll168_pl336_dm512_nh8_el2_dl1_df2048_fc3_ebtimeF_dtTrue_Exp_tn1_stl0.0005-0.0005_um1_0,0.3601612448692322,0.3848835527896881
lt_ETTm1_336_720DLinear_DLinear_ETTm1_ftM_sl336_ll168_pl720_dm512_nh8_el2_dl1_df2048_fc3_ebtimeF_dtTrue_Exp_tn1_stl0.0005-0.0005_um1_0,0.4207640588283539,0.41687843203544617
lt_ETTm2_336_96DLinear_DLinear_ETTm2_ftM_sl336_ll168_pl96_dm512_nh8_el2_dl1_df2048_fc3_ebtimeF_dtTrue_Exp_tn1_stl0.0005-0.0005_um1_0,0.17363446950912476,0.26199913024902344
lt_ETTm2_336_192DLinear_DLinear_ETTm2_ftM_sl336_ll168_pl192_dm512_nh8_el2_dl1_df2048_fc3_ebtimeF_dtTrue_Exp_tn1_stl0.0005-0.0005_um1_0,0.23031285405158997,0.29975149035453796
lt_ETTm2_336_336DLinear_DLinear_ETTm2_ftM_sl336_ll168_pl336_dm512_nh8_el2_dl1_df2048_fc3_ebtimeF_dtTrue_Exp_tn1_stl0.0005-0.0005_um1_0,0.28114965558052063,0.33303412795066833
lt_ETTm2_336_720DLinear_DLinear_ETTm2_ftM_sl336_ll168_pl720_dm512_nh8_el2_dl1_df2048_fc3_ebtimeF_dtTrue_Exp_tn1_stl0.0005-0.0005_um1_0,0.3663395047187805,0.3881363868713379
lt_ETTh1_336_96DLinear_DLinear_ETTh1_ftM_sl336_ll168_pl96_dm512_nh8_el2_dl1_df2048_fc3_ebtimeF_dtTrue_Exp_tn1_stl0.0005-0.0001_um1_0,0.36815232038497925,0.39001673460006714
lt_ETTh1_336_192DLinear_DLinear_ETTh1_ftM_sl336_ll168_pl192_dm512_nh8_el2_dl1_df2048_fc3_ebtimeF_dtTrue_Exp_tn1_stl0.0005-0.0001_um1_0,0.4021046459674835,0.4102715849876404
lt_ETTh1_336_336DLinear_DLinear_ETTh1_ftM_sl336_ll168_pl336_dm512_nh8_el2_dl1_df2048_fc3_ebtimeF_dtTrue_Exp_tn1_stl0.0005-0.0001_um1_0,0.4290136396884918,0.42760714888572693
lt_ETTh1_336_720DLinear_DLinear_ETTh1_ftM_sl336_ll168_pl720_dm512_nh8_el2_dl1_df2048_fc3_ebtimeF_dtTrue_Exp_tn1_stl0.0005-0.0001_um1_0,0.4402378499507904,0.4555288851261139
lt_ETTh2_336_96DLinear_DLinear_ETTh2_ftM_sl336_ll168_pl96_dm512_nh8_el2_dl1_df2048_fc3_ebtimeF_dtTrue_Exp_tn1_stl0.0005-0.0001_um1_0,0.2805027365684509,0.3414791524410248
lt_ETTh2_336_192DLinear_DLinear_ETTh2_ftM_sl336_ll168_pl192_dm512_nh8_el2_dl1_df2048_fc3_ebtimeF_dtTrue_Exp_tn1_stl0.0005-0.0001_um1_0,0.3449047803878784,0.38395094871520996
lt_ETTh2_336_336DLinear_DLinear_ETTh2_ftM_sl336_ll168_pl336_dm512_nh8_el2_dl1_df2048_fc3_ebtimeF_dtTrue_Exp_tn1_stl0.0005-0.0001_um1_0,0.3707381784915924,0.411127507686615
lt_ETTh2_336_720DLinear_DLinear_ETTh2_ftM_sl336_ll168_pl720_dm512_nh8_el2_dl1_df2048_fc3_ebtimeF_dtTrue_Exp_tn1_stl0.0005-0.0001_um1_0,0.40327271819114685,0.43744799494743347
lt_ETTm1_336_96DLinear_DLinear_ETTm1_ftM_sl336_ll168_pl96_dm512_nh8_el2_dl1_df2048_fc3_ebtimeF_dtTrue_Exp_tn1_stl0.0005-0.0001_um1_0,0.2927055060863495,0.34402111172676086
lt_ETTm1_336_192DLinear_DLinear_ETTm1_ftM_sl336_ll168_pl192_dm512_nh8_el2_dl1_df2048_fc3_ebtimeF_dtTrue_Exp_tn1_stl0.0005-0.0001_um1_0,0.3309507966041565,0.3658445477485657
lt_ETTm1_336_336DLinear_DLinear_ETTm1_ftM_sl336_ll168_pl336_dm512_nh8_el2_dl1_df2048_fc3_ebtimeF_dtTrue_Exp_tn1_stl0.0005-0.0001_um1_0,0.36598479747772217,0.3860190212726593
lt_ETTm1_336_720DLinear_DLinear_ETTm1_ftM_sl336_ll168_pl720_dm512_nh8_el2_dl1_df2048_fc3_ebtimeF_dtTrue_Exp_tn1_stl0.0005-0.0001_um1_0,0.4275575578212738,0.41904833912849426
